# This file uses centimeters as units for non-parametric coordinates.

mtllib knife.mtl
g default
v 0.309247 1.397746 -0.084360
v 0.415387 1.406109 -0.084360
v 0.128607 1.744287 -0.084360
v 0.230021 1.366998 -0.084360
v 0.145308 1.272050 -0.084360
v 0.169847 1.316023 -0.084360
v -0.554327 1.811489 -0.084360
v 0.076639 1.141361 -0.084360
v -0.611429 1.803719 -0.084360
v 0.035698 1.022270 -0.084360
v 0.270530 2.324758 -0.084360
v 0.222525 2.327080 -0.084360
v 0.169502 2.213421 -0.084360
v -0.501347 1.970503 -0.084360
v 0.125099 2.177719 -0.084360
v -0.528405 1.893989 -0.084360
v -0.614699 1.928073 -0.084360
v -0.745894 1.895408 -0.084360
v -0.636106 1.869744 -0.084360
v -0.812905 1.736047 -0.084360
v -0.874517 1.717785 -0.084360
v -0.783071 1.821804 -0.084360
v -0.893342 1.791553 -0.084360
v -1.006907 1.821677 -0.084360
v -1.070460 1.665387 -0.084360
v -0.876052 1.850225 -0.084360
v -1.087592 0.721461 -0.084360
v -1.260196 1.741087 -0.084360
v -1.330952 1.587305 -0.084360
v -1.127046 1.647110 -0.084360
v -1.151430 1.703072 -0.084360
v -1.135857 1.766029 -0.084360
v -1.529953 1.661861 -0.084360
v -1.596928 1.503680 -0.084360
v -1.390454 1.569491 -0.084360
v -1.411235 1.618878 -0.084360
v -1.388296 1.695733 -0.084360
v -1.645633 1.491131 -0.084360
v -1.670360 1.542915 -0.084360
v -1.783414 1.579213 -0.084360
v -1.856564 1.421543 -0.084360
v -1.649649 1.617883 -0.084360
v -1.778713 0.534107 -0.084360
v -1.886304 1.393387 -0.084360
v -2.552227 0.453047 -0.084360
v -2.258408 0.447384 -0.084360
v -3.103355 0.504872 -0.084360
v -2.817400 0.454266 -0.084360
v -1.919349 1.439174 -0.084360
v -3.723997 0.643277 -0.084360
v -1.915446 1.511388 -0.084360
v -2.303294 1.340212 -0.084360
v 0.199904 2.080019 -0.084360
v -1.411235 1.618878 -0.052033
v -1.388296 1.695733 -0.052033
v -1.529953 1.661861 -0.052033
v -1.919349 1.439174 -0.052033
v -1.915446 1.511388 -0.052033
v -2.299207 1.331754 -0.052033
v -1.670360 1.542915 -0.052033
v -1.649649 1.617883 -0.052033
v -1.783414 1.579213 -0.052033
v -1.856564 1.421543 -0.052033
v -1.151430 1.703072 -0.052033
v -1.135857 1.766029 -0.052033
v -1.260196 1.741087 -0.052033
v 0.270530 2.324758 -0.052033
v 0.222525 2.327080 -0.052033
v 0.169502 2.213421 -0.052033
v 0.125099 2.177719 -0.052033
v -0.501347 1.970503 -0.052033
v -0.528405 1.893989 -0.052033
v -0.893342 1.791553 -0.052033
v -0.876052 1.850225 -0.052033
v -1.006907 1.821677 -0.052033
v -1.070183 1.667241 -0.039332
v -0.636106 1.869744 -0.052033
v -0.614699 1.928073 -0.052033
v -0.745894 1.895408 -0.052033
v -0.783071 1.821804 -0.052033
v -3.102997 0.509193 -0.075286
v -2.817042 0.458586 -0.075286
v -2.551869 0.457368 -0.075286
v -2.258051 0.451705 -0.075286
v -1.778355 0.538427 -0.075286
v -1.087234 0.725782 -0.075286
v 0.036055 1.026590 -0.075286
v 0.076639 1.141361 -0.052033
v 0.169847 1.316023 -0.030042
v 0.230021 1.366998 -0.030042
v 0.309247 1.397746 -0.030042
v 0.415387 1.406109 -0.030042
v 0.128607 1.744287 -0.030042
v -1.593085 1.495676 -0.030042
v -1.598374 1.511643 -0.035466
v -1.386214 1.556188 -0.030042
v -1.392156 1.573537 -0.036563
v -2.908699 0.880012 -0.030042
v -2.945976 0.883213 -0.032383
v -2.941908 0.864381 -0.031169
v -3.689395 0.639961 -0.075286
v -3.708256 0.654986 -0.075035
v -3.723889 0.644573 -0.081637
v -1.882236 1.383220 -0.030042
v -1.890387 1.399044 -0.035848
v -1.647690 1.495400 -0.037313
v -1.642988 1.479464 -0.030042
v -1.324896 1.574972 -0.030042
v -1.330926 1.591222 -0.035480
v -1.129185 1.652017 -0.037524
v -1.124277 1.636385 -0.030042
v -0.550683 1.804319 -0.030042
v -0.553541 1.819007 -0.037974
v -0.042584 1.977509 -0.031491
v -0.036447 1.958859 -0.030042
v 0.073683 2.018719 -0.031511
v 0.081994 2.000859 -0.030042
v 0.197140 2.067006 -0.030042
v 0.199904 2.080019 -0.036716
v 0.202896 2.092999 -0.031172
v -0.871031 1.707290 -0.030042
v -0.875663 1.722276 -0.036099
v -1.065884 1.652725 -0.030042
v -0.612191 1.803887 -0.037145
v -0.607753 1.787652 -0.030042
v -0.807015 1.727165 -0.030042
v -0.811187 1.740986 -0.036025
v 0.150148 1.280724 -0.030042
v 0.140791 1.263455 -0.031488
v 0.145308 1.272050 -0.036716
v 0.014085 1.337891 -0.031174
v 0.021571 1.356320 -0.030042
v -0.068355 1.357884 -0.031228
v -0.066930 1.377790 -0.030042
v -0.194672 1.345321 -0.031213
v -0.198394 1.364714 -0.030042
v -0.495762 1.259170 -0.031228
v -0.500954 1.278140 -0.030042
v -1.102932 1.095492 -0.031231
v -1.107784 1.114551 -0.030042
v -2.064270 0.856721 -0.031225
v -2.067532 0.876142 -0.030042
v -2.489905 0.807221 -0.031273
v -2.489583 0.826998 -0.030042
v -3.689106 0.635496 -0.084360
v -3.710735 0.660117 -0.084360
v -1.411235 1.618878 -0.116688
v -1.388296 1.695733 -0.116688
v -1.529953 1.661861 -0.116688
v -1.919349 1.439174 -0.116688
v -1.915446 1.511388 -0.116688
v -2.299207 1.331754 -0.116688
v -1.670360 1.542915 -0.116688
v -1.649649 1.617883 -0.116688
v -1.783414 1.579213 -0.116688
v -1.856564 1.421543 -0.116688
v -1.151430 1.703072 -0.116688
v -1.135857 1.766029 -0.116688
v -1.260196 1.741087 -0.116688
v 0.270530 2.324758 -0.116688
v 0.222525 2.327080 -0.116688
v 0.169502 2.213421 -0.116688
v 0.125099 2.177719 -0.116688
v -0.501347 1.970503 -0.116688
v -0.528405 1.893989 -0.116688
v -0.893342 1.791553 -0.116688
v -0.876052 1.850225 -0.116688
v -1.006907 1.821677 -0.116688
v -1.070183 1.667241 -0.129389
v -0.636106 1.869744 -0.116688
v -0.614699 1.928073 -0.116688
v -0.745894 1.895408 -0.116688
v -0.783071 1.821804 -0.116688
v -3.102997 0.509193 -0.093435
v -2.817042 0.458586 -0.093435
v -2.551869 0.457368 -0.093435
v -2.258051 0.451705 -0.093435
v -1.778355 0.538427 -0.093435
v -1.087234 0.725782 -0.093435
v 0.036055 1.026590 -0.093435
v 0.076639 1.141361 -0.116688
v 0.169847 1.316023 -0.138679
v 0.230021 1.366998 -0.138679
v 0.309247 1.397746 -0.138679
v 0.415387 1.406109 -0.138679
v 0.128607 1.744287 -0.138679
v -1.593085 1.495676 -0.138679
v -1.598374 1.511643 -0.133255
v -1.386214 1.556188 -0.138679
v -1.392156 1.573537 -0.132158
v -2.908699 0.880012 -0.138679
v -2.945976 0.883213 -0.136338
v -2.941908 0.864381 -0.137551
v -3.689395 0.639961 -0.093435
v -3.708256 0.654986 -0.093686
v -3.723889 0.644573 -0.087083
v -1.882236 1.383220 -0.138679
v -1.890387 1.399044 -0.132872
v -1.647690 1.495400 -0.131407
v -1.642988 1.479464 -0.138679
v -1.324896 1.574972 -0.138679
v -1.330926 1.591222 -0.133241
v -1.129185 1.652017 -0.131197
v -1.124277 1.636385 -0.138679
v -0.550683 1.804319 -0.138679
v -0.553541 1.819007 -0.130747
v -0.042584 1.977509 -0.137230
v -0.036447 1.958859 -0.138679
v 0.073683 2.018719 -0.137210
v 0.081994 2.000859 -0.138679
v 0.197140 2.067006 -0.138679
v 0.199904 2.080019 -0.132005
v 0.202896 2.092999 -0.137549
v -0.871031 1.707290 -0.138679
v -0.875663 1.722276 -0.132621
v -1.065884 1.652725 -0.138679
v -0.612191 1.803887 -0.131576
v -0.607753 1.787652 -0.138679
v -0.807015 1.727165 -0.138679
v -0.811187 1.740986 -0.132696
v 0.150148 1.280724 -0.138679
v 0.140791 1.263455 -0.137233
v 0.145308 1.272050 -0.132005
v 0.014085 1.337891 -0.137547
v 0.021571 1.356320 -0.138679
v -0.068355 1.357884 -0.137492
v -0.066930 1.377790 -0.138679
v -0.194672 1.345321 -0.137508
v -0.198394 1.364714 -0.138679
v -0.495762 1.259170 -0.137493
v -0.500954 1.278140 -0.138679
v -1.102932 1.095492 -0.137489
v -1.107784 1.114551 -0.138679
v -2.064270 0.856721 -0.137496
v -2.067532 0.876142 -0.138679
v -2.489905 0.807221 -0.137448
v -2.489583 0.826998 -0.138679
vt 0.135829 0.429715
vt 0.134042 0.384865
vt 0.123747 0.386197
vt 0.109405 0.377213
vt 0.108334 0.407929
vt 0.139691 0.430514
vt 0.137904 0.384631
vt 0.135337 0.441269
vt 0.138833 0.440999
vt 0.248325 0.126319
vt 0.257665 0.109525
vt 0.280266 0.087621
vt 0.274193 0.081631
vt 0.267207 0.066527
vt 0.265405 0.048685
vt 0.269668 0.026627
vt 0.184769 0.065953
vt 0.122981 0.033879
vt 0.129964 0.061016
vt 0.131851 0.087467
vt 0.135187 0.201233
vt 0.133321 0.213260
vt 0.136485 0.257850
vt 0.136737 0.271456
vt 0.137167 0.320459
vt 0.136312 0.326847
vt 0.137627 0.371632
vt 0.145212 0.495239
vt 0.189882 0.732294
vt 0.224216 0.650027
vt 0.237937 0.561422
vt 0.243377 0.352817
vt 0.244204 0.220197
vt 0.243597 0.153793
vt 0.133788 0.370889
vt 0.141535 0.496008
vt 0.260993 0.112083
vt 0.252294 0.127728
vt 0.283253 0.090494
vt 0.125864 0.061703
vt 0.118017 0.031247
vt 0.127713 0.087667
vt 0.131877 0.200535
vt 0.129770 0.213251
vt 0.132630 0.257289
vt 0.132812 0.271454
vt 0.132856 0.326967
vt 0.187136 0.739696
vt 0.191195 0.739927
vt 0.228221 0.651204
vt 0.242070 0.561850
vt 0.247526 0.352901
vt 0.248354 0.220207
vt 0.247751 0.154126
vt 0.124637 0.443171
vt 0.110552 0.434745
vt 0.110901 0.464126
vt 0.138860 0.487864
vt 0.194837 0.904574
vt 0.254386 0.792651
vt 0.280748 0.737333
vt 0.295897 0.683466
vt 0.313560 0.624023
vt 0.322877 0.521582
vt 0.323606 0.370483
vt 0.325545 0.125108
vt 0.304481 0.110404
vt 0.072405 0.006558
vt 0.067270 0.016744
vt 0.091647 0.031273
vt 0.096414 0.042311
vt 0.103358 0.181371
vt 0.117400 0.191174
vt 0.116280 0.214442
vt 0.105619 0.206811
vt 0.104890 0.235331
vt 0.117772 0.247028
vt 0.121222 0.328623
vt 0.109292 0.321918
vt 0.107378 0.348609
vt 0.190721 0.907566
vt 0.131746 0.499644
vt 0.117277 0.494792
vt 0.132249 0.582941
vt 0.191960 0.911331
vt 0.054179 0.435216
vt 0.054267 0.444335
vt 0.045931 0.444335
vt 0.041968 0.435595
vt 0.054400 0.458194
vt 0.046103 0.458266
vt 0.054643 0.483420
vt 0.046337 0.483508
vt 0.054928 0.513058
vt 0.042433 0.512502
vt 0.056447 0.615261
vt 0.056983 0.627715
vt 0.048702 0.628064
vt 0.048086 0.615488
vt 0.060130 0.701059
vt 0.051853 0.701412
vt 0.071882 0.974975
vt 0.022134 0.012901
vt 0.069267 0.971746
vt 0.046800 0.531350
vt 0.055147 0.531342
vt 0.055308 0.544776
vt 0.047009 0.544865
vt 0.055597 0.568892
vt 0.047300 0.568996
vt 0.055956 0.598934
vt 0.047640 0.599175
vt 0.045085 0.362206
vt 0.053602 0.362194
vt 0.053688 0.373413
vt 0.045371 0.373459
vt 0.053855 0.395375
vt 0.045553 0.395439
vt 0.054078 0.424604
vt 0.041577 0.423959
vt 0.043075 0.013324
vt 0.051418 0.022638
vt 0.043133 0.022690
vt 0.051563 0.045939
vt 0.043278 0.045990
vt 0.051624 0.055810
vt 0.043339 0.055862
vt 0.052335 0.170129
vt 0.044048 0.170182
vt 0.052422 0.184173
vt 0.044092 0.184260
vt 0.053080 0.293500
vt 0.053135 0.300707
vt 0.044838 0.303367
vt 0.035494 0.298346
vt 0.053181 0.306653
vt 0.048514 0.306748
vt 0.053294 0.321534
vt 0.047362 0.320164
vt 0.053443 0.341112
vt 0.041564 0.343557
vt 0.052641 0.220783
vt 0.052703 0.231514
vt 0.044410 0.231559
vt 0.044296 0.220761
vt 0.052839 0.254931
vt 0.044530 0.254991
vt 0.052922 0.269182
vt 0.044384 0.269315
vt 0.053009 0.284532
vt 0.039458 0.284686
vt 0.023801 0.146400
vt 0.020842 0.146307
vt 0.020106 0.020191
vt 0.024156 0.207298
vt 0.021196 0.207306
vt 0.024481 0.262912
vt 0.021519 0.262993
vt 0.024840 0.324557
vt 0.021887 0.324737
vt 0.025437 0.426804
vt 0.022491 0.427099
vt 0.026313 0.577055
vt 0.023370 0.577381
vt 0.027737 0.821158
vt 0.024810 0.821603
vt 0.027888 0.847064
vt 0.017849 0.847134
vt 0.028069 0.878060
vt 0.013275 0.878148
vt 0.011640 0.876119
vt 0.028130 0.888631
vt 0.011265 0.888730
vt 0.011215 0.880245
vt 0.028227 0.905186
vt 0.011361 0.905284
vt 0.028331 0.923024
vt 0.011465 0.923123
vt 0.028461 0.945374
vt 0.040442 0.352433
vt 0.036923 0.351983
vt 0.036422 0.346757
vt 0.037187 0.198819
vt 0.040629 0.198650
vt 0.040579 0.209383
vt 0.037174 0.208917
vt 0.031941 0.298751
vt 0.056033 0.605760
vt 0.043847 0.606680
vt 0.055030 0.521608
vt 0.043030 0.522171
vt 0.053522 0.351736
vt 0.052514 0.198995
vt 0.052571 0.208772
vt 0.023022 0.012933
vt 0.071154 0.974891
vt 0.051360 0.013272
vt 0.011596 0.945472
vt 0.023412 0.079666
vt 0.066006 0.838017
vt 0.135829 0.429715
vt 0.134042 0.384865
vt 0.123747 0.386197
vt 0.109405 0.377213
vt 0.108334 0.407929
vt 0.054179 0.435216
vt 0.054267 0.444335
vt 0.045931 0.444335
vt 0.041968 0.435595
vt 0.054400 0.458194
vt 0.046103 0.458266
vt 0.054643 0.483420
vt 0.046337 0.483508
vt 0.054928 0.513058
vt 0.042433 0.512502
vt 0.056447 0.615261
vt 0.056983 0.627715
vt 0.048702 0.628064
vt 0.048086 0.615488
vt 0.060130 0.701059
vt 0.051853 0.701412
vt 0.069267 0.971746
vt 0.066006 0.838017
vt 0.071882 0.974975
vt 0.071154 0.974891
vt 0.046800 0.531350
vt 0.055147 0.531342
vt 0.055308 0.544776
vt 0.047009 0.544865
vt 0.055597 0.568892
vt 0.047300 0.568996
vt 0.055956 0.598934
vt 0.047640 0.599175
vt 0.045085 0.362206
vt 0.053602 0.362194
vt 0.053688 0.373413
vt 0.045371 0.373459
vt 0.053855 0.395375
vt 0.045553 0.395439
vt 0.054078 0.424604
vt 0.041577 0.423959
vt 0.051360 0.013272
vt 0.051418 0.022638
vt 0.043133 0.022690
vt 0.043075 0.013324
vt 0.051563 0.045939
vt 0.043278 0.045990
vt 0.051624 0.055810
vt 0.043339 0.055862
vt 0.052335 0.170129
vt 0.044048 0.170182
vt 0.052422 0.184173
vt 0.044092 0.184260
vt 0.053080 0.293500
vt 0.053135 0.300707
vt 0.044838 0.303367
vt 0.035494 0.298346
vt 0.053181 0.306653
vt 0.048514 0.306748
vt 0.053294 0.321534
vt 0.047362 0.320164
vt 0.053443 0.341112
vt 0.041564 0.343557
vt 0.052641 0.220783
vt 0.052703 0.231514
vt 0.044410 0.231559
vt 0.044296 0.220761
vt 0.052839 0.254931
vt 0.044530 0.254991
vt 0.052922 0.269182
vt 0.044384 0.269315
vt 0.053009 0.284532
vt 0.039458 0.284686
vt 0.020106 0.020191
vt 0.023412 0.079666
vt 0.023801 0.146400
vt 0.020842 0.146307
vt 0.024156 0.207298
vt 0.021196 0.207306
vt 0.024481 0.262912
vt 0.021519 0.262993
vt 0.024840 0.324557
vt 0.021887 0.324737
vt 0.025437 0.426804
vt 0.022491 0.427099
vt 0.026313 0.577055
vt 0.023370 0.577381
vt 0.027737 0.821158
vt 0.024810 0.821603
vt 0.027888 0.847064
vt 0.017849 0.847134
vt 0.028069 0.878060
vt 0.013275 0.878148
vt 0.011640 0.876119
vt 0.028130 0.888631
vt 0.011265 0.888730
vt 0.011215 0.880245
vt 0.028227 0.905186
vt 0.011361 0.905284
vt 0.028331 0.923024
vt 0.011465 0.923123
vt 0.028461 0.945374
vt 0.011596 0.945472
vt 0.139691 0.430514
vt 0.135337 0.441269
vt 0.138833 0.440999
vt 0.137904 0.384631
vt 0.137627 0.371632
vt 0.133788 0.370889
vt 0.189882 0.732294
vt 0.191195 0.739927
vt 0.228221 0.651204
vt 0.224216 0.650027
vt 0.187136 0.739696
vt 0.145212 0.495239
vt 0.141535 0.496008
vt 0.190721 0.907566
vt 0.194837 0.904574
vt 0.136312 0.326847
vt 0.132856 0.326967
vt 0.040442 0.352433
vt 0.036923 0.351983
vt 0.036422 0.346757
vt 0.037187 0.198819
vt 0.040629 0.198650
vt 0.040579 0.209383
vt 0.037174 0.208917
vt 0.131877 0.200535
vt 0.135187 0.201233
vt 0.131851 0.087467
vt 0.127713 0.087667
vt 0.129964 0.061016
vt 0.125864 0.061703
vt 0.122981 0.033879
vt 0.118017 0.031247
vt 0.132812 0.271454
vt 0.136737 0.271456
vt 0.136485 0.257850
vt 0.132630 0.257289
vt 0.031941 0.298751
vt 0.133321 0.213260
vt 0.129770 0.213251
vt 0.283253 0.090494
vt 0.280266 0.087621
vt 0.257665 0.109525
vt 0.260993 0.112083
vt 0.248325 0.126319
vt 0.252294 0.127728
vt 0.243597 0.153793
vt 0.247751 0.154126
vt 0.244204 0.220197
vt 0.248354 0.220207
vt 0.243377 0.352817
vt 0.247526 0.352901
vt 0.237937 0.561422
vt 0.242070 0.561850
vt 0.132249 0.582941
vt 0.131746 0.499644
vt 0.124637 0.443171
vt 0.110552 0.434745
vt 0.110901 0.464126
vt 0.138860 0.487864
vt 0.121222 0.328623
vt 0.109292 0.321918
vt 0.107378 0.348609
vt 0.072405 0.006558
vt 0.067270 0.016744
vt 0.091647 0.031273
vt 0.096414 0.042311
vt 0.103358 0.181371
vt 0.117400 0.191174
vt 0.116280 0.214442
vt 0.105619 0.206811
vt 0.104890 0.235331
vt 0.117772 0.247028
vt 0.254386 0.792651
vt 0.274193 0.081631
vt 0.056033 0.605760
vt 0.043847 0.606680
vt 0.055030 0.521608
vt 0.043030 0.522171
vt 0.053522 0.351736
vt 0.052514 0.198995
vt 0.052571 0.208772
vt 0.191960 0.911331
vt 0.304481 0.110404
vt 0.325545 0.125108
vt 0.323606 0.370483
vt 0.322877 0.521582
vt 0.313560 0.624023
vt 0.295897 0.683466
vt 0.280748 0.737333
vt 0.023022 0.012933
vt 0.022134 0.012901
vt 0.117277 0.494792
vt 0.137167 0.320459
vt 0.267207 0.066527
vt 0.265405 0.048685
vt 0.269668 0.026627
vt 0.184769 0.065953
vn -0.004688 0.124056 0.992264
vn -0.004688 0.124056 0.992264
vn -0.004688 0.124056 0.992264
vn -0.004688 0.124056 0.992264
vn -0.004688 0.124056 0.992264
vn 0.921725 0.387845 -0.000000
vn 0.999896 0.014429 -0.000000
vn 0.998313 0.058059 -0.000000
vn 0.921725 0.387844 -0.000000
vn 0.958227 -0.286008 0.000000
vn 0.958227 -0.286008 0.000000
vn -0.232556 0.972583 0.000000
vn -0.232556 0.972583 0.000000
vn -0.232556 0.972583 0.000000
vn -0.232556 0.972583 0.000000
vn -0.916738 0.399490 -0.000000
vn -0.916738 0.399490 -0.000000
vn -0.915329 0.398877 -0.055399
vn -0.915330 0.398877 -0.055399
vn 0.998543 -0.053964 0.000000
vn 0.998543 -0.053964 0.000000
vn 0.998543 -0.053964 0.000000
vn 0.998543 -0.053964 0.000000
vn -0.413881 0.910331 0.000000
vn -0.429790 0.902929 0.000000
vn -0.411875 0.865523 0.285007
vn -0.409583 0.900879 0.143732
vn -0.411137 0.845498 0.340733
vn -0.437485 0.899225 0.000000
vn -0.730072 0.683370 0.000002
vn -0.683757 0.640018 0.350503
vn 0.994529 0.104463 0.000119
vn 0.998011 0.063046 -0.000000
vn 0.963891 -0.266296 0.000000
vn 0.963892 -0.266295 0.000000
vn -0.277717 0.960663 0.000000
vn -0.277717 0.960663 0.000000
vn -0.277717 0.960663 0.000000
vn -0.277717 0.960663 0.000000
vn -0.907128 0.420855 0.000000
vn -0.860776 0.508984 0.000000
vn -0.847672 0.529944 -0.024732
vn -0.907128 0.420854 0.000000
vn 0.990599 0.136799 0.000002
vn 0.994797 0.101878 0.000000
vn 0.970744 -0.240118 0.000000
vn 0.970744 -0.240118 0.000000
vn -0.196682 0.980467 0.000000
vn -0.196682 0.980467 0.000000
vn -0.196682 0.980467 0.000000
vn -0.196682 0.980467 0.000000
vn -0.906849 0.421457 0.000000
vn -0.906849 0.421457 0.000000
vn -0.906667 0.421372 -0.020034
vn -0.906667 0.421372 -0.020034
vn 0.972352 -0.233521 -0.000000
vn 0.960933 -0.276781 -0.000000
vn 0.960899 -0.276772 0.008385
vn 0.960931 -0.276662 0.008335
vn 0.972511 -0.232837 0.002985
vn 0.048315 0.998832 0.000000
vn 0.048315 0.998832 0.000000
vn 0.048315 0.998832 0.000000
vn 0.048315 0.998832 0.000000
vn -0.906240 0.422763 0.000000
vn -0.906240 0.422763 0.000000
vn -0.906240 0.422763 0.000000
vn -0.906240 0.422763 0.000000
vn -0.626609 0.779334 0.000000
vn -0.340471 0.940255 0.000000
vn -0.340471 0.940255 0.000000
vn -0.626609 0.779334 0.000000
vn -0.314045 0.949408 0.000000
vn -0.314045 0.949408 0.000000
vn -0.942785 0.333400 0.000000
vn -0.947873 0.318650 0.000000
vn -0.948138 0.317642 -0.011740
vn -0.942785 0.333400 0.000000
vn 0.968947 0.247268 0.000000
vn 0.999288 0.037725 0.000000
vn 0.998115 0.061375 -0.000000
vn 0.968947 0.247268 -0.000001
vn 0.959218 -0.282668 0.000000
vn 0.959218 -0.282669 0.000000
vn -0.213156 0.977018 0.000000
vn -0.213156 0.977018 0.000000
vn -0.213156 0.977018 0.000000
vn -0.213156 0.977018 0.000000
vn -0.925927 0.377702 0.000000
vn -0.796031 0.605257 0.000000
vn -0.789497 0.612994 -0.030546
vn -0.925912 0.377696 -0.005742
vn 0.998117 0.061341 -0.000000
vn 0.938775 -0.344532 0.000000
vn 0.938775 -0.344531 0.000000
vn 0.995718 0.092278 0.005474
vn -0.241601 0.970376 0.000000
vn -0.241601 0.970376 0.000000
vn -0.241601 0.970376 0.000000
vn -0.241601 0.970376 0.000000
vn -0.892602 0.450845 0.000000
vn -0.924324 0.381608 -0.000000
vn -0.926256 0.376895 -0.000000
vn -0.892602 0.450845 0.000000
vn -0.944477 0.328579 -0.000000
vn -0.944476 0.328579 -0.000001
vn -0.196732 -0.882197 0.427814
vn -0.196732 -0.882197 0.427814
vn -0.183532 -0.884712 0.428487
vn -0.184307 -0.884569 0.428449
vn -0.084365 -0.898365 0.431073
vn -0.084584 -0.898344 0.431072
vn -0.011021 -0.902654 0.430226
vn -0.011204 -0.902649 0.430231
vn 0.091618 -0.900478 0.425142
vn 0.096928 -0.900104 0.424755
vn 0.205268 -0.886768 0.414134
vn 0.209633 -0.885998 0.413596
vn 0.237053 -0.880737 0.410011
vn 0.236880 -0.880772 0.410034
vn 0.235917 -0.880969 0.410167
vn 0.235917 -0.880969 0.410167
vn 0.943448 -0.331522 0.000000
vn 0.903800 -0.427955 -0.000000
vn 0.899944 -0.435966 0.005943
vn 0.943118 -0.331406 0.026439
vn 0.881718 -0.471777 -0.000000
vn 0.881590 -0.472016 -0.000100
vn 0.885223 -0.465166 -0.000067
vn 0.745478 -0.666530 -0.000000
vn 0.745478 -0.666530 -0.000000
vn 0.873269 -0.487238 -0.000128
vn 0.505750 -0.862680 0.000000
vn 0.505750 -0.862680 0.000000
vn 0.206450 -0.978457 0.000000
vn 0.206450 -0.978457 0.000000
vn 0.078550 -0.996910 0.000000
vn 0.078550 -0.996910 0.000000
vn 0.762685 0.646770 0.000000
vn 0.762685 0.646770 0.000000
vn 0.762685 0.646770 0.000000
vn 0.762685 0.646770 0.000000
vn 0.978186 -0.207730 0.000000
vn 0.978184 -0.207740 -0.000019
vn 0.978186 -0.207730 0.000000
vn -0.281326 0.959612 0.000000
vn -0.281326 0.959612 0.000000
vn -0.280142 0.955575 -0.091631
vn -0.280142 0.955575 -0.091631
vn -0.281395 0.959592 -0.000000
vn -0.281395 0.959592 -0.000000
vn -0.280410 0.956231 -0.083620
vn -0.280410 0.956231 -0.083620
vn -0.096051 0.313730 0.944642
vn -0.096352 0.313919 0.944548
vn -0.129257 0.332203 0.934309
vn -0.129316 0.332198 0.934303
vn -0.091368 0.307738 0.947074
vn -0.091207 0.307860 0.947050
vn -0.099476 0.334664 0.937072
vn -0.099440 0.333533 0.937479
vn -0.007406 -0.059493 0.998201
vn -0.007406 -0.059493 0.998201
vn -0.000348 -0.060208 0.998186
vn -0.000245 -0.060219 0.998185
vn -0.093635 0.194630 0.976397
vn -0.093635 0.194630 0.976397
vn -0.100597 0.220763 0.970126
vn -0.099896 0.218127 0.970794
vn -0.054838 -0.007607 0.998466
vn -0.054840 -0.007578 0.998466
vn -0.059137 -0.016189 0.998119
vn -0.055426 -0.009818 0.998415
vn -0.102099 0.370253 0.923303
vn -0.102042 0.369599 0.923572
vn -0.123373 0.434270 0.892294
vn -0.123281 0.434425 0.892231
vn -0.085079 0.267568 0.959776
vn -0.084653 0.264829 0.960572
vn -0.110853 0.380093 0.918281
vn -0.110891 0.379717 0.918433
vn -0.070727 0.213421 0.974397
vn -0.070723 0.213409 0.974400
vn -0.029782 0.063135 0.997561
vn -0.029756 0.063171 0.997559
vn -0.034227 0.057155 0.997778
vn -0.034227 0.057155 0.997778
vn -0.122968 0.410623 0.903475
vn -0.122805 0.410048 0.903759
vn -0.110811 0.366228 0.923904
vn -0.110818 0.366250 0.923894
vn -0.032203 -0.056883 0.997861
vn -0.032203 -0.056883 0.997861
vn -0.025486 -0.056965 0.998051
vn -0.025474 -0.056965 0.998051
vn -0.002183 -0.058562 0.998281
vn -0.002157 -0.058565 0.998281
vn 0.013387 -0.058125 0.998220
vn 0.013383 -0.058126 0.998220
vn 0.015943 -0.057998 0.998189
vn 0.015942 -0.058000 0.998189
vn 0.014986 -0.058393 0.998181
vn 0.014983 -0.058393 0.998181
vn 0.012301 -0.059228 0.998169
vn 0.012248 -0.059246 0.998168
vn -0.067479 0.156379 0.985389
vn -0.115638 0.210024 0.970833
vn -0.064321 0.153624 0.986034
vn -0.055080 0.131553 0.989778
vn -0.075069 0.149982 0.985835
vn -0.075069 0.149982 0.985835
vn -0.075069 0.149982 0.985835
vn -0.075069 0.149982 0.985835
vn -0.075069 0.149982 0.985835
vn -0.075069 0.149982 0.985835
vn -0.003869 0.124361 0.992229
vn -0.003869 0.124361 0.992229
vn -0.003869 0.124361 0.992229
vn -0.003869 0.124361 0.992229
vn -0.003869 0.124361 0.992229
vn -0.062827 0.129220 0.989624
vn -0.062827 0.129220 0.989624
vn -0.062827 0.129220 0.989624
vn -0.062827 0.129220 0.989624
vn -0.062827 0.129220 0.989624
vn -0.062827 0.129220 0.989624
vn -0.062827 0.129220 0.989624
vn -0.062827 0.129220 0.989624
vn -0.062827 0.129220 0.989624
vn -0.062827 0.129220 0.989624
vn -0.017379 0.108515 0.993943
vn -0.017379 0.108515 0.993943
vn -0.017379 0.108515 0.993943
vn -0.017379 0.108515 0.993943
vn -0.017379 0.108515 0.993943
vn -0.039276 0.128709 0.990904
vn -0.039276 0.128709 0.990904
vn -0.039276 0.128709 0.990904
vn -0.039276 0.128709 0.990904
vn -0.039276 0.128709 0.990904
vn -0.039276 0.128709 0.990904
vn -0.023731 -0.112618 0.993355
vn -0.016036 -0.114764 0.993263
vn -0.024988 -0.112052 0.993388
vn -0.000000 -0.000000 1.000000
vn 0.000000 0.000000 1.000000
vn 0.000000 0.000000 1.000000
vn 0.000000 0.000000 1.000000
vn 0.000000 0.000000 1.000000
vn 0.810875 0.585220 -0.000000
vn 0.810874 0.585220 -0.000000
vn 0.810875 0.585219 -0.000004
vn 0.810875 0.585219 -0.000004
vn 0.902450 0.430795 -0.000000
vn 0.902450 0.430795 0.000213
vn -0.636555 0.771231 0.000000
vn -0.634207 0.768388 -0.085801
vn 0.916756 0.399449 0.000000
vn 0.916756 0.399449 0.000003
vn -0.951771 0.306809 0.000000
vn -0.951585 0.306749 -0.019796
vn 0.938031 0.346551 -0.000000
vn 0.937999 0.346539 0.008262
vn -0.194545 0.980894 0.000000
vn -0.194545 0.980894 0.000000
vn -0.193917 0.977731 -0.080242
vn -0.193917 0.977731 -0.080242
vn -0.279520 0.960140 -0.000000
vn -0.279520 0.960140 -0.000000
vn -0.277095 0.951806 -0.131469
vn -0.277095 0.951806 -0.131469
vn -0.058192 0.051697 0.996966
vn -0.209855 -0.279095 0.937052
vn -0.072840 -0.128162 0.989075
vn -0.074785 -0.142567 0.986956
vn -0.074818 -0.142812 0.986918
vn -0.018412 -0.134092 0.990798
vn 0.025955 -0.118064 0.992667
vn 0.029161 -0.116172 0.992801
vn 0.031390 -0.116597 0.992683
vn 0.030535 -0.115678 0.992817
vn 0.030283 -0.115344 0.992864
vn 0.023243 -0.115365 0.993051
vn 0.026907 -0.114716 0.993034
vn 0.003013 -0.117211 0.993103
vn 0.014847 -0.117444 0.992968
vn -0.007693 -0.118464 0.992929
vn -0.011454 -0.116141 0.993167
vn -0.196730 -0.882195 0.427819
vn -0.196730 -0.882195 0.427819
vn -0.117896 0.212494 0.970024
vn 0.000000 0.000000 1.000000
vn 0.000000 -0.000000 1.000000
vn 0.000000 -0.000000 1.000000
vn 0.000000 0.000000 1.000000
vn 0.000000 -0.000000 1.000000
vn 0.000000 -0.000000 1.000000
vn 0.000000 0.000000 1.000000
vn 0.000000 0.000000 1.000000
vn -0.000000 -0.000000 1.000000
vn 0.000000 0.000000 1.000000
vn -0.000000 -0.000000 1.000000
vn -0.000000 -0.000000 1.000000
vn -0.000000 -0.000000 1.000000
vn -0.000000 -0.000000 1.000000
vn -0.000000 -0.000000 1.000000
vn -0.000000 0.000000 1.000000
vn 0.000000 -0.000000 1.000000
vn -0.000000 -0.000000 1.000000
vn -0.000000 0.000000 1.000000
vn -0.000000 -0.000000 1.000000
vn -0.000000 0.000000 1.000000
vn -0.000000 0.000000 1.000000
vn -0.000000 0.000000 1.000000
vn -0.000000 0.000000 1.000000
vn -0.279475 0.960153 0.000000
vn -0.278664 0.957368 -0.076110
vn -0.004688 0.124056 -0.992264
vn -0.004688 0.124056 -0.992264
vn -0.004688 0.124056 -0.992264
vn -0.004688 0.124056 -0.992264
vn -0.004688 0.124056 -0.992264
vn 0.921724 0.387846 0.000000
vn 0.998313 0.058060 0.000000
vn 0.958227 -0.286008 0.000000
vn -0.232556 0.972583 0.000000
vn -0.232556 0.972583 0.000000
vn -0.915330 0.398876 0.055399
vn -0.915330 0.398876 0.055399
vn 0.998543 -0.053964 0.000000
vn 0.998543 -0.053964 0.000000
vn -0.409583 0.900879 -0.143732
vn -0.411875 0.865523 -0.285006
vn -0.411137 0.845499 -0.340732
vn -0.683758 0.640019 -0.350500
vn 0.994529 0.104462 -0.000119
vn 0.963891 -0.266297 0.000000
vn -0.277717 0.960663 0.000000
vn -0.277717 0.960663 0.000000
vn -0.907128 0.420855 0.000000
vn -0.847672 0.529944 0.024732
vn 0.990599 0.136799 -0.000002
vn 0.970744 -0.240118 0.000000
vn -0.196682 0.980467 0.000000
vn -0.196682 0.980467 0.000000
vn -0.906667 0.421372 0.020034
vn -0.906667 0.421372 0.020034
vn 0.972511 -0.232837 -0.002985
vn 0.960931 -0.276662 -0.008335
vn 0.960899 -0.276772 -0.008385
vn 0.048315 0.998832 0.000000
vn 0.048315 0.998832 0.000000
vn -0.906240 0.422763 0.000000
vn -0.906240 0.422763 0.000000
vn -0.626609 0.779334 0.000000
vn -0.340471 0.940255 0.000000
vn -0.314045 0.949408 0.000000
vn -0.942785 0.333400 0.000000
vn -0.948138 0.317642 0.011740
vn 0.968947 0.247268 0.000001
vn 0.998115 0.061375 0.000001
vn 0.959218 -0.282668 0.000000
vn -0.213156 0.977018 0.000000
vn -0.213156 0.977018 0.000000
vn -0.925912 0.377696 0.005742
vn -0.789497 0.612993 0.030546
vn 0.995718 0.092278 -0.005474
vn 0.938775 -0.344532 0.000000
vn -0.241601 0.970376 0.000000
vn -0.241601 0.970376 0.000000
vn -0.892602 0.450845 0.000000
vn -0.926256 0.376894 0.000000
vn -0.944477 0.328578 0.000001
vn -0.196732 -0.882197 -0.427815
vn -0.184307 -0.884569 -0.428450
vn -0.183532 -0.884711 -0.428487
vn -0.196732 -0.882197 -0.427815
vn -0.084584 -0.898344 -0.431072
vn -0.084365 -0.898365 -0.431073
vn -0.011204 -0.902649 -0.430231
vn -0.011021 -0.902654 -0.430226
vn 0.096928 -0.900104 -0.424755
vn 0.091618 -0.900478 -0.425143
vn 0.209633 -0.885998 -0.413596
vn 0.205268 -0.886768 -0.414134
vn 0.236880 -0.880773 -0.410032
vn 0.237053 -0.880738 -0.410009
vn 0.235917 -0.880970 -0.410163
vn 0.235917 -0.880970 -0.410164
vn 0.943118 -0.331406 -0.026439
vn 0.899944 -0.435965 -0.005943
vn 0.885223 -0.465166 0.000067
vn 0.881590 -0.472015 0.000099
vn 0.873269 -0.487238 0.000128
vn 0.745478 -0.666530 0.000000
vn 0.505750 -0.862680 0.000000
vn 0.206450 -0.978457 0.000000
vn 0.078550 -0.996910 0.000000
vn 0.762685 0.646770 0.000000
vn 0.762685 0.646770 0.000000
vn 0.978186 -0.207730 -0.000000
vn 0.978184 -0.207740 0.000019
vn -0.280142 0.955575 0.091631
vn -0.280142 0.955575 0.091631
vn -0.280410 0.956231 0.083619
vn -0.280410 0.956231 0.083619
vn -0.096051 0.313730 -0.944642
vn -0.129316 0.332198 -0.934303
vn -0.129257 0.332203 -0.934309
vn -0.096353 0.313919 -0.944548
vn -0.091207 0.307860 -0.947050
vn -0.091369 0.307738 -0.947074
vn -0.099440 0.333533 -0.937479
vn -0.099476 0.334664 -0.937072
vn -0.007406 -0.059493 -0.998201
vn -0.000245 -0.060219 -0.998185
vn -0.000348 -0.060208 -0.998186
vn -0.007406 -0.059493 -0.998201
vn -0.093635 0.194630 -0.976397
vn -0.099896 0.218127 -0.970794
vn -0.100597 0.220763 -0.970126
vn -0.093635 0.194630 -0.976397
vn -0.054838 -0.007607 -0.998466
vn -0.055426 -0.009818 -0.998415
vn -0.059137 -0.016190 -0.998119
vn -0.054840 -0.007579 -0.998466
vn -0.102042 0.369598 -0.923572
vn -0.102099 0.370253 -0.923303
vn -0.123281 0.434425 -0.892231
vn -0.123373 0.434270 -0.892294
vn -0.085078 0.267568 -0.959776
vn -0.110891 0.379717 -0.918433
vn -0.110853 0.380093 -0.918281
vn -0.084653 0.264829 -0.960573
vn -0.070723 0.213409 -0.974400
vn -0.070726 0.213421 -0.974397
vn -0.029756 0.063171 -0.997559
vn -0.029783 0.063135 -0.997561
vn -0.034227 0.057155 -0.997778
vn -0.034227 0.057155 -0.997778
vn -0.122968 0.410624 -0.903475
vn -0.110818 0.366250 -0.923894
vn -0.110811 0.366229 -0.923903
vn -0.122805 0.410048 -0.903759
vn -0.032203 -0.056883 -0.997861
vn -0.025474 -0.056965 -0.998051
vn -0.025486 -0.056965 -0.998051
vn -0.032203 -0.056883 -0.997861
vn -0.002157 -0.058565 -0.998281
vn -0.002183 -0.058562 -0.998281
vn 0.013383 -0.058126 -0.998220
vn 0.013387 -0.058125 -0.998220
vn 0.015942 -0.058000 -0.998189
vn 0.015943 -0.057998 -0.998189
vn 0.014983 -0.058393 -0.998181
vn 0.014986 -0.058393 -0.998181
vn 0.012248 -0.059246 -0.998168
vn 0.012301 -0.059228 -0.998169
vn -0.067479 0.156379 -0.985389
vn -0.055080 0.131553 -0.989778
vn -0.064321 0.153624 -0.986034
vn -0.115638 0.210024 -0.970833
vn -0.075069 0.149982 -0.985835
vn -0.075069 0.149982 -0.985835
vn -0.075069 0.149982 -0.985835
vn -0.075069 0.149982 -0.985835
vn -0.075069 0.149982 -0.985835
vn -0.075069 0.149982 -0.985835
vn -0.003869 0.124361 -0.992229
vn -0.003869 0.124361 -0.992229
vn -0.003869 0.124361 -0.992229
vn -0.003869 0.124361 -0.992229
vn -0.003869 0.124361 -0.992229
vn -0.062827 0.129220 -0.989624
vn -0.062827 0.129220 -0.989624
vn -0.062827 0.129220 -0.989624
vn -0.062827 0.129220 -0.989624
vn -0.062827 0.129220 -0.989624
vn -0.062827 0.129220 -0.989624
vn -0.062827 0.129220 -0.989624
vn -0.062827 0.129220 -0.989624
vn -0.062827 0.129220 -0.989624
vn -0.062827 0.129220 -0.989624
vn -0.017379 0.108515 -0.993943
vn -0.017379 0.108515 -0.993943
vn -0.017379 0.108515 -0.993943
vn -0.017379 0.108515 -0.993943
vn -0.017379 0.108515 -0.993943
vn -0.039276 0.128709 -0.990904
vn -0.039276 0.128709 -0.990904
vn -0.039276 0.128709 -0.990904
vn -0.039276 0.128709 -0.990904
vn -0.039276 0.128709 -0.990904
vn -0.039276 0.128709 -0.990904
vn -0.023731 -0.112618 -0.993355
vn -0.024988 -0.112052 -0.993388
vn -0.016036 -0.114764 -0.993263
vn 0.000000 -0.000000 -1.000000
vn -0.000000 0.000000 -1.000000
vn -0.000000 0.000000 -1.000000
vn 0.000000 0.000000 -1.000000
vn 0.000000 -0.000000 -1.000000
vn 0.810874 0.585221 0.000003
vn 0.810874 0.585221 0.000003
vn 0.902450 0.430795 -0.000213
vn -0.634208 0.768387 0.085801
vn 0.916756 0.399449 -0.000003
vn -0.951584 0.306749 0.019796
vn 0.937999 0.346539 -0.008262
vn -0.193917 0.977731 0.080242
vn -0.193917 0.977731 0.080242
vn -0.277093 0.951806 0.131468
vn -0.277093 0.951806 0.131468
vn -0.058192 0.051698 -0.996966
vn -0.209855 -0.279099 -0.937051
vn -0.072840 -0.128162 -0.989075
vn -0.074818 -0.142812 -0.986918
vn -0.074785 -0.142567 -0.986956
vn 0.025955 -0.118064 -0.992667
vn -0.018412 -0.134092 -0.990798
vn 0.029161 -0.116172 -0.992801
vn 0.031390 -0.116597 -0.992683
vn 0.030283 -0.115344 -0.992864
vn 0.030535 -0.115678 -0.992817
vn 0.026907 -0.114716 -0.993034
vn 0.023243 -0.115365 -0.993051
vn 0.014847 -0.117444 -0.992968
vn 0.003013 -0.117211 -0.993103
vn -0.007693 -0.118464 -0.992929
vn -0.011454 -0.116141 -0.993167
vn -0.196730 -0.882196 -0.427817
vn -0.196730 -0.882196 -0.427817
vn -0.117896 0.212494 -0.970024
vn 0.000000 0.000000 -1.000000
vn 0.000000 -0.000000 -1.000000
vn 0.000000 0.000000 -1.000000
vn 0.000000 -0.000000 -1.000000
vn 0.000000 -0.000000 -1.000000
vn 0.000000 -0.000000 -1.000000
vn 0.000000 0.000000 -1.000000
vn 0.000000 0.000000 -1.000000
vn 0.000000 0.000000 -1.000000
vn 0.000000 0.000000 -1.000000
vn 0.000000 -0.000000 -1.000000
vn 0.000000 -0.000000 -1.000000
vn 0.000000 -0.000000 -1.000000
vn 0.000000 -0.000000 -1.000000
vn 0.000000 -0.000000 -1.000000
vn -0.000000 0.000000 -1.000000
vn -0.000000 0.000000 -1.000000
vn -0.000000 0.000000 -1.000000
vn -0.000000 -0.000000 -1.000000
vn -0.000000 -0.000000 -1.000000
vn -0.000000 0.000000 -1.000000
vn 0.000000 0.000000 -1.000000
vn -0.000000 0.000000 -1.000000
vn 0.000000 0.000000 -1.000000
vn -0.278664 0.957368 0.076111
s off
g blade_low knife_lowpoly
usemtl aiStandardSurface1SG
f 95/1/1 97/2/2 54/3/3 55/4/4 56/5/5
s 1
f 35/86/6 36/87/7 54/88/8 97/89/9
f 54/88/8 36/87/7 37/90/10 55/91/11
s 2
f 37/90/12 33/92/13 56/93/14 55/91/15
s 3
f 33/92/16 34/94/17 95/95/18 56/93/19
s 4
f 49/96/20 51/97/21 58/98/22 57/99/23
s 5
f 51/97/24 52/100/25 59/101/26 58/98/27
f 102/104/28 146/200/29 50/102/30 103/196/31
s 6
f 60/105/32 39/106/33 42/107/34 61/108/35
s 7
f 42/107/36 40/109/37 62/110/38 61/108/39
s 8
f 40/109/40 41/111/41 63/112/42 62/110/43
s 9
f 64/113/44 31/114/45 32/115/46 65/116/47
s 10
f 32/115/48 28/117/49 66/118/50 65/116/51
s 11
f 28/117/52 29/119/53 109/120/54 66/118/55
s 12
f 53//56 11//57 67//58 120//59 119//60
s 13
f 11/197/61 12/122/62 68/123/63 67/121/64
s 14
f 12/122/65 13/124/66 69/125/67 68/123/68
s 15
f 13/124/69 15/126/70 70/127/71 69/125/72
f 15/126/70 14/128/73 71/129/74 70/127/71
s 16
f 14/128/75 16/130/76 72/131/77 71/129/78
s 17
f 21/132/79 23/133/80 73/134/81 122/135/82
f 73/134/81 23/133/80 26/136/83 74/137/84
s 18
f 26/136/85 24/138/86 75/139/87 74/137/88
s 19
f 24/138/89 25/140/90 76/141/91 75/139/92
s 20
f 19/142/93 17/143/94 78/144/95 77/145/96
s 21
f 17/143/97 18/146/98 79/147/99 78/144/100
s 22
f 18/146/101 22/148/102 80/149/103 79/147/104
f 22/148/102 20/150/105 127/151/106 80/149/103
s 23
f 101/154/107 145/199/108 47/152/109 81/153/110
f 47/152/109 48/155/111 82/156/112 81/153/110
f 48/155/111 45/157/113 83/158/114 82/156/112
f 45/157/113 46/159/115 84/160/116 83/158/114
f 46/159/115 43/161/117 85/162/118 84/160/116
f 43/161/117 27/163/119 86/164/120 85/162/118
f 27/163/119 10/165/121 87/166/122 86/164/120
s 24
f 10/165/123 8/167/124 88/168/125 87/166/126
f 8/167/124 5/169/127 130/170/128 129/171/129 88/168/125
f 5/169/127 6/172/130 89/173/131 128/174/132 130/170/128
f 6/172/130 4/175/133 90/176/134 89/173/131
f 4/175/133 1/177/135 91/178/136 90/176/134
f 1/177/135 2/179/137 92/198/138 91/178/136
s 25
f 2//139 3//140 93//141 92//142
s 12
f 3//143 53//56 119//60 118//144 93//145
s 26
f 20/150/146 21/132/147 122/135/148 127/151/149
s 27
f 29/119/150 35/86/151 97/89/152 109/120/153
s 28
f 94/6/154 95/1/155 106/8/156 107/9/157
f 95/1/155 94/6/154 96/7/158 97/2/159
f 97/2/159 96/7/158 108/27/160 109/35/161
s 29
f 98/29/162 100/49/163 143/50/164 144/30/165
s 28
f 99/48/166 98/29/167 104/28/168 105/36/169
s 30
f 100/49/170 99/48/171 102/81/172 101/59/173
s 28
f 105/36/169 104/28/168 107/9/157 106/8/156
f 109/35/161 108/27/160 111/26/174 110/47/175
f 110/180/175 111/181/174 123/182/176 76/141/177
f 112/183/178 113/184/179 124/185/180 125/186/181
f 113/43/179 112/21/178 115/20/182 114/42/183
f 114/42/183 115/20/182 117/19/184 116/40/185
f 116/40/185 117/19/184 118/18/186 120/41/187
f 122/46/188 121/24/189 126/23/190 127/45/191
f 121/187/189 122/135/188 76/141/177 123/182/176
f 125/22/181 124/44/180 127/45/191 126/23/190
s 29
f 129/39/192 128/12/193 132/11/194 131/37/195
f 131/37/195 132/11/194 134/10/196 133/38/197
f 133/38/197 134/10/196 136/34/198 135/54/199
f 135/54/199 136/34/198 138/33/200 137/53/201
f 137/53/201 138/33/200 140/32/202 139/52/203
f 139/52/203 140/32/202 142/31/204 141/51/205
f 141/51/205 142/31/204 144/30/165 143/50/164
s 33
f 59/84/206 99/48/207 105/36/208 57/82/209
s off
f 105/36/210 106/8/211 60/55/212 61/56/213 62/57/214 63/58/215
f 109/35/216 110/47/217 64/78/218 65/79/219 66/80/220
f 113/43/221 114/42/222 116/40/223 120/41/224 67/68/225 68/69/226 69/70/227 70/71/228 71/72/229 72/73/230
f 76/141/231 122/135/232 73/134/233 74/137/234 75/139/235
f 127/45/236 124/44/237 77/74/238 78/75/239 79/76/240 80/77/241
s 34
f 81/60/242 100/49/243 101/59/244
s 35
f 121/24/245 132/11/246 128/12/247 89/13/248 126/23/249
s 36
f 44/188/250 49/96/251 57/99/252 105/189/253
s 6
f 38/190/254 39/106/33 60/105/32 106/191/255
s 8
f 41/111/41 44/188/256 105/189/257 63/112/42
s 9
f 30/192/258 31/114/45 64/113/44 110/180/259
s 16
f 16/130/76 7/193/260 113/184/261 72/131/77
s 20
f 9/194/262 19/142/93 77/145/96 124/185/263
s 37
f 7/193/264 9/194/265 124/185/266 113/184/267
s 38
f 34/94/268 38/190/269 106/191/270 95/95/271
s 30
f 98/29/272 99/48/171 100/49/170
f 101/59/173 102/81/172 103/85/273
s 12
f 118//144 119//60 120//59
s 24
f 128/174/132 129/171/129 130/170/128
s 34
f 129/39/274 131/37/275 88/67/276
f 88/67/276 131/37/275 133/38/277 87/66/278
f 87/66/278 133/38/277 135/54/279
f 87/66/278 135/54/279 137/53/280
f 87/66/278 137/53/280 139/52/281 86/65/282
f 86/65/282 139/52/281 141/51/283 85/64/284
f 85/64/284 141/51/283 143/50/285 84/63/286
f 84/63/286 143/50/285 83/62/287
f 83/62/287 143/50/285 100/49/243 82/61/288
f 82/61/288 100/49/243 81/60/242
s 23
f 50/195/289 145/199/108 101/154/107 103/103/290
s 5
f 52/100/25 146/200/29 102/104/28 59/101/26
s 33
f 102/81/291 99/48/207 59/84/206
f 59/84/206 57/82/209 58/83/292
s 35
f 144/30/293 104/28/294 98/29/295
f 142/31/296 107/9/297 104/28/294 144/30/293
f 140/32/298 94/6/299 107/9/297 142/31/296
f 138/33/300 96/7/301 94/6/299 140/32/298
f 136/34/302 108/27/303 96/7/301 138/33/300
f 136/34/302 134/10/304 132/11/246 121/24/245 123/25/305 111/26/306 108/27/303
f 126/23/249 89/13/248 90/14/307 125/22/308
f 125/22/308 90/14/307 91/15/309 112/21/310
f 112/21/310 91/15/309 92/16/311
f 115/20/312 93/17/313 117/19/314
f 112/21/310 92/16/311 93/17/313 115/20/312
f 117/19/314 93/17/313 118/18/315
s 19
f 76/141/91 25/140/90 30/192/316 110/180/317
s off
f 188/201/318 149/205/319 148/204/320 147/203/321 190/202/322
s 1
f 35/206/6 190/209/323 147/208/324 36/207/7
f 147/208/324 148/211/325 37/210/10 36/207/7
s 2
f 37/210/12 148/211/326 149/213/327 33/212/13
s 3
f 33/212/16 149/213/328 188/215/329 34/214/17
s 4
f 49/216/20 150/219/330 151/218/331 51/217/21
s 5
f 51/217/24 151/218/332 152/221/333 52/220/25
f 195/222/334 196/225/335 50/224/30 146/223/29
s 6
f 153/226/336 154/229/337 42/228/34 39/227/33
s 7
f 42/228/36 154/229/338 155/231/339 40/230/37
s 8
f 40/230/40 155/231/340 156/233/341 41/232/41
s 9
f 157/234/342 158/237/343 32/236/46 31/235/45
s 10
f 32/236/48 158/237/344 159/239/345 28/238/49
s 11
f 28/238/52 159/239/346 202/241/347 29/240/53
s 12
f 53//56 212//348 213//349 160//350 11//57
s 13
f 11/242/61 160/245/351 161/244/352 12/243/62
s 14
f 12/243/65 161/244/353 162/247/354 13/246/66
s 15
f 13/246/69 162/247/355 163/249/356 15/248/70
f 15/248/70 163/249/356 164/251/357 14/250/73
s 16
f 14/250/75 164/251/358 165/253/359 16/252/76
s 17
f 21/254/79 215/257/360 166/256/361 23/255/80
f 166/256/361 167/259/362 26/258/83 23/255/80
s 18
f 26/258/85 167/259/363 168/261/364 24/260/86
s 19
f 24/260/89 168/261/365 169/263/366 25/262/90
s 20
f 19/264/93 170/267/367 171/266/368 17/265/94
s 21
f 17/265/97 171/266/369 172/269/370 18/268/98
s 22
f 18/268/101 172/269/371 173/271/372 22/270/102
f 22/270/102 173/271/372 220/273/373 20/272/105
s 41
f 194/274/374 174/277/375 47/276/376 145/275/377
f 47/276/376 174/277/375 175/279/378 48/278/379
f 48/278/379 175/279/378 176/281/380 45/280/381
f 45/280/381 176/281/380 177/283/382 46/282/383
f 46/282/383 177/283/382 178/285/384 43/284/385
f 43/284/385 178/285/384 179/287/386 27/286/387
f 27/286/387 179/287/386 180/289/388 10/288/389
s 24
f 10/288/123 180/289/390 181/291/391 8/290/124
f 8/290/124 181/291/391 222/294/392 223/293/393 5/292/127
f 5/292/127 223/293/393 221/297/394 182/296/395 6/295/130
f 6/295/130 182/296/395 183/299/396 4/298/133
f 4/298/133 183/299/396 184/301/397 1/300/135
f 1/300/135 184/301/397 185/303/398 2/302/137
s 25
f 2//139 185//399 186//400 3//140
s 12
f 3//143 186//401 211//402 212//348 53//56
s 26
f 20/272/146 220/273/403 215/257/404 21/254/147
s 27
f 29/240/150 202/241/405 190/209/406 35/206/151
s 42
f 187/304/407 200/306/408 199/305/409 188/201/410
f 188/201/410 190/202/411 189/307/412 187/304/407
f 190/202/411 202/309/413 201/308/414 189/307/412
s 43
f 191/310/415 237/313/416 236/312/417 193/311/418
s 42
f 192/314/419 198/316/420 197/315/421 191/310/422
s 44
f 193/311/423 194/318/424 195/317/425 192/314/426
s 42
f 198/316/420 199/305/409 200/306/408 197/315/421
f 202/309/413 203/320/427 204/319/428 201/308/414
f 203/321/427 169/263/429 216/323/430 204/322/428
f 205/324/431 218/327/432 217/326/433 206/325/434
f 206/328/434 207/331/435 208/330/436 205/329/431
f 207/331/435 209/333/437 210/332/438 208/330/436
f 209/333/437 213/335/439 211/334/440 210/332/438
f 215/336/441 220/339/442 219/338/443 214/337/444
f 214/340/444 216/323/430 169/263/429 215/257/441
f 218/341/432 219/338/443 220/339/442 217/342/433
s 43
f 222/343/445 224/346/446 225/345/447 221/344/448
f 224/346/446 226/348/449 227/347/450 225/345/447
f 226/348/449 228/350/451 229/349/452 227/347/450
f 228/350/451 230/352/453 231/351/454 229/349/452
f 230/352/453 232/354/455 233/353/456 231/351/454
f 232/354/455 234/356/457 235/355/458 233/353/456
f 234/356/457 236/312/417 237/313/416 235/355/458
s 47
f 152/357/459 150/358/460 198/316/461 192/314/462
s off
f 198/316/463 156/362/464 155/361/465 154/360/466 153/359/467 199/305/468
f 202/309/469 159/365/470 158/364/471 157/363/472 203/320/473
f 206/328/474 165/371/475 164/370/476 163/369/477 162/368/478 161/367/479 160/366/480 213/335/481 209/333/482 207/331/483
f 169/263/484 168/261/485 167/259/486 166/256/487 215/257/488
f 220/339/489 173/375/490 172/374/491 171/373/492 170/372/493 217/342/494
s 48
f 174/376/495 194/318/496 193/311/497
s 49
f 214/337/498 219/338/499 182/377/500 221/344/501 225/345/502
s 36
f 44/378/250 198/379/503 150/219/504 49/216/251
s 6
f 38/380/254 199/381/505 153/226/336 39/227/33
s 8
f 41/232/41 156/233/341 198/379/506 44/378/256
s 9
f 30/382/258 203/321/507 157/234/342 31/235/45
s 16
f 16/252/76 165/253/359 206/325/508 7/383/260
s 20
f 9/384/262 217/326/509 170/267/367 19/264/93
s 37
f 7/383/264 206/325/510 217/326/511 9/384/265
s 38
f 34/214/268 188/215/512 199/381/513 38/380/269
s 44
f 191/310/514 193/311/423 192/314/426
f 194/318/424 196/385/515 195/317/425
s 12
f 211//402 213//349 212//348
s 24
f 221/297/394 223/293/393 222/294/392
s 48
f 222/343/516 181/386/517 224/346/518
f 181/386/517 180/387/519 226/348/520 224/346/518
f 180/387/519 228/350/521 226/348/520
f 180/387/519 230/352/522 228/350/521
f 180/387/519 179/388/523 232/354/524 230/352/522
f 179/388/523 178/389/525 234/356/526 232/354/524
f 178/389/525 177/390/527 236/312/528 234/356/526
f 177/390/527 176/391/529 236/312/528
f 176/391/529 175/392/530 193/311/497 236/312/528
f 175/392/530 174/376/495 193/311/497
s 41
f 50/393/531 196/394/532 194/274/374 145/275/377
s 5
f 52/220/25 152/221/333 195/222/334 146/223/29
s 47
f 195/317/533 152/357/459 192/314/462
f 152/357/459 151/395/534 150/358/460
s 49
f 237/313/535 191/310/536 197/315/537
f 235/355/538 237/313/535 197/315/537 200/306/539
f 233/353/540 235/355/538 200/306/539 187/304/541
f 231/351/542 233/353/540 187/304/541 189/307/543
f 229/349/544 231/351/542 189/307/543 201/308/545
f 229/349/544 201/308/545 204/319/546 216/396/547 214/337/498 225/345/502 227/347/548
f 219/338/499 218/341/549 183/397/550 182/377/500
f 218/341/549 205/329/551 184/398/552 183/397/550
f 205/329/551 185/399/553 184/398/552
f 208/330/554 210/332/555 186/400/556
f 205/329/551 208/330/554 186/400/556 185/399/553
f 210/332/555 211/334/557 186/400/556
s 19
f 169/263/366 203/321/558 30/382/316 25/262/90
g default
v 0.115733 1.740822 -0.142339
v 0.251755 2.317019 -0.142339
v 0.202918 1.761944 -0.190321
v 0.328859 1.781526 -0.168584
v 0.396032 1.829510 -0.168584
v 0.352335 1.759472 -0.168584
v 0.315610 1.810884 -0.168584
v 0.382464 1.748082 -0.168584
v 0.314604 1.843079 -0.168584
v 0.414658 1.749087 -0.168584
v 0.325995 1.873207 -0.168584
v 0.444016 1.762337 -0.168584
v 0.348049 1.896683 -0.168584
v 0.466070 1.785813 -0.168584
v 0.377407 1.909932 -0.168584
v 0.477461 1.815941 -0.168584
v 0.409601 1.910938 -0.168584
v 0.476455 1.848135 -0.168584
v 0.439730 1.899547 -0.168584
v 0.463205 1.877494 -0.168584
v 0.115733 1.740822 -0.014403
v 0.202918 1.761944 0.033579
v 0.251755 2.317019 -0.014403
v 0.306645 2.287772 -0.190321
v 0.352335 1.759472 0.016172
v 0.396032 1.829510 0.016172
v 0.328859 1.781526 0.016172
v 0.315610 1.810884 0.016172
v 0.382464 1.748082 0.016172
v 0.314604 1.843079 0.016172
v 0.414658 1.749087 0.016172
v 0.325995 1.873207 0.016172
v 0.444016 1.762337 0.016172
v 0.348049 1.896683 0.016172
v 0.466070 1.785813 0.016172
v 0.377407 1.909932 0.016172
v 0.477461 1.815941 0.016172
v 0.409601 1.910938 0.016172
v 0.476455 1.848135 0.016172
v 0.439730 1.899547 0.016172
v 0.463205 1.877494 0.016172
v 0.306645 2.287772 0.033579
v 0.332171 2.298617 -0.190321
v 0.445472 2.279997 -0.142339
v 0.417216 2.198354 -0.190321
v 0.353861 2.360399 -0.142339
v 0.445472 2.279997 -0.014403
v 0.332171 2.298617 0.033579
v 0.417216 2.198354 0.033579
v 0.353861 2.360399 -0.014403
v 0.578842 1.198964 -0.142339
v 0.617696 1.276637 -0.190321
v 0.816099 1.183747 -0.142339
v 0.749813 1.268163 -0.190321
v 0.578842 1.198964 -0.014403
v 0.816099 1.183747 -0.014403
v 0.841252 1.325674 -0.142339
v 0.762371 1.339020 -0.190321
v 0.617696 1.276637 0.033579
v 0.324084 1.778114 -0.190321
v 0.309892 1.809560 -0.190321
v 0.381499 1.742292 -0.190321
v 0.349229 1.754493 -0.190321
v 0.308815 1.844043 -0.190321
v 0.415982 1.743370 -0.190321
v 0.749813 1.268163 0.033579
v 0.321016 1.876314 -0.190321
v 0.447428 1.757561 -0.190321
v 0.344637 1.901459 -0.190321
v 0.841252 1.325674 -0.014403
v 0.376083 1.915650 -0.190321
v 0.483250 1.814976 -0.190321
v 0.471049 1.782706 -0.190321
v 0.762371 1.339020 0.033579
v 0.880824 1.571197 -0.142339
v 0.806919 1.615419 -0.190321
v 0.410566 1.916727 -0.190321
v 0.482172 1.849459 -0.190321
v 0.467981 1.880905 -0.190321
v 0.442836 1.904527 -0.190321
v 0.309943 1.809572 0.033579
v 0.324126 1.778145 0.033579
v 0.349256 1.754537 0.033579
v 0.381508 1.742344 0.033579
v 0.308866 1.844035 0.033579
v 0.415970 1.743420 0.033579
v 0.321060 1.876286 0.033579
v 0.447398 1.757603 0.033579
v 0.430887 1.909044 -0.190321
v 0.313847 2.296589 -0.190321
v 0.433660 1.907996 -0.190321
v 0.344667 1.901416 0.033579
v 0.880824 1.571197 -0.014403
v 0.676216 2.212340 -0.190321
v 0.376095 1.915599 0.033579
v 0.806919 1.615419 0.033579
v 0.471005 1.782734 0.033579
v 0.483199 1.814985 0.033579
v 0.410557 1.916676 0.033579
v 0.482122 1.849448 0.033579
v 0.467939 1.880875 0.033579
v 0.442809 1.904482 0.033579
v 0.280562 2.352290 -0.142339
v 1.057732 1.706293 -0.142339
v 1.031146 1.786649 -0.190321
v 2.929473 2.016855 -0.190321
v 2.486312 1.908382 -0.190321
v 2.385075 2.191663 -0.190321
v 0.433638 1.907950 0.033579
v 0.313847 2.296589 0.033579
v 0.430867 1.908997 0.033579
v 0.280562 2.352290 -0.014403
v 0.676216 2.212340 0.033579
v 1.057732 1.706293 -0.014403
v 0.665589 2.291883 -0.142339
v 0.921541 2.265062 -0.190321
v 2.647954 2.167282 -0.168584
v 2.715128 2.215266 -0.168584
v 2.671430 2.145228 -0.168584
v 2.634705 2.196640 -0.168584
v 2.701559 2.133837 -0.168584
v 2.633699 2.228834 -0.168584
v 2.733753 2.134843 -0.168584
v 1.031146 1.786649 0.033579
v 2.929473 2.016855 0.033579
v 2.385075 2.191663 0.033579
v 2.486312 1.908382 0.033579
v 2.645090 2.258963 -0.168584
v 2.763112 2.148093 -0.168584
v 2.667144 2.282439 -0.168584
v 2.785165 2.171569 -0.168584
v 2.696502 2.295688 -0.168584
v 2.796556 2.201697 -0.168584
v 1.212344 1.704261 -0.142339
v 1.217194 1.784205 -0.190321
v 2.728696 2.296694 -0.168584
v 2.795550 2.233891 -0.168584
v 2.758825 2.285303 -0.168584
v 2.782301 2.263249 -0.168584
v 2.671430 2.145228 0.016172
v 2.715128 2.215266 0.016172
v 2.647954 2.167282 0.016172
v 2.634705 2.196640 0.016172
v 2.701559 2.133837 0.016172
v 2.633699 2.228834 0.016172
v 2.733753 2.134843 0.016172
v 2.645090 2.258963 0.016172
v 2.763112 2.148093 0.016172
v 2.667144 2.282439 0.016172
v 2.785165 2.171569 0.016172
v 1.212344 1.704261 -0.014403
v 0.665589 2.291883 -0.014403
v 2.696502 2.295688 0.016172
v 2.796556 2.201697 0.016172
v 2.728696 2.296694 0.016172
v 2.795550 2.233891 0.016172
v 2.758825 2.285303 0.016172
v 2.782301 2.263249 0.016172
v 1.376783 1.686422 -0.142339
v 1.347276 1.770093 -0.190321
v 0.921541 2.265062 0.033579
v 0.901519 2.342586 -0.142339
v 1.089870 2.315990 -0.190321
v 1.217194 1.784205 0.033579
v 1.376783 1.686422 -0.014403
v 1.442307 1.752043 -0.142339
v 1.393280 1.816165 -0.190321
v 0.332130 1.770556 -0.190321
v 1.347276 1.770093 0.033579
v 1.193024 2.350590 -0.190321
v 0.901519 2.342586 -0.014403
v 1.442307 1.752043 -0.014403
v 1.567293 1.823507 -0.142339
v 1.544367 1.902553 -0.190321
v 1.065561 2.392216 -0.142339
v 1.089870 2.315990 0.033579
v 1.393280 1.816165 0.033579
v 0.471000 1.782654 -0.190321
v 1.309745 2.385316 -0.190321
v 1.567293 1.823507 -0.014403
v 1.065561 2.392216 -0.014403
v 1.168890 2.426875 -0.142339
v 1.193024 2.350590 0.033579
v 1.721907 1.830495 -0.142339
v 1.734708 1.911156 -0.190321
v 1.408097 2.409609 -0.190321
v 1.544367 1.902553 0.033579
v 0.332168 1.770590 0.033579
v 1.721907 1.830495 -0.014403
v 1.309745 2.385316 0.033579
v 1.873037 1.773616 -0.142339
v 1.886419 1.854058 -0.190321
v 1.288735 2.462531 -0.142339
v 1.168890 2.426875 -0.014403
v 1.582896 2.439476 -0.190321
v 1.734708 1.911156 0.033579
v 1.955049 1.776099 -0.142339
v 1.929399 1.855359 -0.190321
v 1.873037 1.773616 -0.014403
v 0.470956 1.782681 0.033579
v 1.408097 2.409609 0.033579
v 1.391747 2.487974 -0.142339
v 1.288735 2.462531 -0.014403
v 2.049955 1.840427 -0.142339
v 2.007799 1.908499 -0.190321
v 1.955049 1.776099 -0.014403
v 1.886419 1.854058 0.033579
v 1.699766 2.461967 -0.190321
v 1.929399 1.855359 0.033579
v 1.568598 2.518193 -0.142339
v 1.768453 2.472277 -0.190321
v 2.049955 1.840427 -0.014403
v 1.391747 2.487974 -0.014403
v 1.582896 2.439476 0.033579
v 2.147054 1.895160 -0.142339
v 2.123015 1.973444 -0.190321
v 2.007799 1.908499 0.033579
v 1.863929 2.481811 -0.190321
v 2.147054 1.895160 -0.014403
v 1.686263 2.540836 -0.142339
v 1.568598 2.518193 -0.014403
v 1.699766 2.461967 0.033579
v 2.307162 1.908412 -0.142339
v 2.322872 1.989985 -0.190321
v 1.984627 2.488670 -0.190321
v 2.123015 1.973444 0.033579
v 1.768453 2.472277 0.033579
v 1.758535 2.551684 -0.142339
v 2.307162 1.908412 -0.014403
v 1.686263 2.540836 -0.014403
v 2.476830 1.823700 -0.142339
v 1.863929 2.481811 0.033579
v 1.857682 2.561585 -0.142339
v 2.136568 2.486257 -0.190321
v 2.322872 1.989985 0.033579
v 2.476830 1.823700 -0.014403
v 1.758535 2.551684 -0.014403
v 1.984627 2.488670 0.033579
v 1.982991 2.568707 -0.142339
v 1.857682 2.561585 -0.014403
v 2.140270 2.566208 -0.142339
v 2.136568 2.486257 0.033579
v 1.982991 2.568707 -0.014403
v 3.002370 1.952336 -0.142339
v 2.289975 2.554708 -0.142339
v 2.283837 2.474944 -0.190321
v 3.002370 1.952336 -0.014403
v 2.140270 2.566208 -0.014403
v 2.669083 2.141466 -0.190321
v 2.644346 2.164704 -0.190321
v 2.630384 2.195640 -0.190321
v 2.700830 2.129463 -0.190321
v 2.629324 2.229563 -0.190321
v 2.734754 2.130522 -0.190321
v 2.641328 2.261310 -0.190321
v 2.765690 2.144484 -0.190321
v 2.664566 2.286048 -0.190321
v 2.788928 2.169221 -0.190321
v 2.289975 2.554708 -0.014403
v 2.283837 2.474944 0.033579
v 2.695502 2.300009 -0.190321
v 2.800931 2.200968 -0.190321
v 2.729425 2.301069 -0.190321
v 2.799871 2.234892 -0.190321
v 2.761173 2.289066 -0.190321
v 2.785910 2.265827 -0.190321
v 2.643825 2.164332 0.033579
v 2.668744 2.140923 0.033579
v 2.629762 2.195495 0.033579
v 2.700725 2.128832 0.033579
v 2.628694 2.229668 0.033579
v 2.734898 2.129900 0.033579
v 2.640785 2.261649 0.033579
v 2.766061 2.143964 0.033579
v 3.066820 2.494838 -0.142339
v 2.977543 2.421481 -0.190321
v 2.664194 2.286568 0.033579
v 2.789470 2.168883 0.033579
v 2.695357 2.300632 0.033579
v 2.801561 2.200863 0.033579
v 2.729530 2.301699 0.033579
v 2.800494 2.235036 0.033579
v 2.761511 2.289608 0.033579
v 2.786430 2.266199 0.033579
v 3.066820 2.494838 -0.014403
v 2.977543 2.421481 0.033579
v 2.404996 1.946702 0.033579
v 2.392415 1.863479 -0.014403
v 2.392415 1.863479 -0.142339
v 2.404996 1.946702 -0.190321
v 2.226918 1.915243 -0.142339
v 2.222707 1.998512 -0.190321
v 2.060616 2.489236 -0.190321
v 2.061649 2.569292 -0.142339
v 2.061649 2.569292 -0.014403
v 2.060616 2.489236 0.033579
v 2.222707 1.998512 0.033579
v 2.226918 1.915243 -0.014403
v 2.097119 1.870887 -0.142339
v 2.063764 1.944642 -0.190321
v 1.924226 2.486212 -0.190321
v 1.920283 2.566155 -0.142339
v 1.920283 2.566155 -0.014403
v 1.924226 2.486212 0.033579
v 2.063764 1.944642 0.033579
v 2.097119 1.870887 -0.014403
v 1.797464 1.802266 -0.142339
v 1.810555 1.882818 -0.190321
v 1.641297 2.450930 -0.190321
v 1.627397 2.529724 -0.142339
v 1.627397 2.529724 -0.014403
v 1.641297 2.450930 0.033579
v 1.810555 1.882818 0.033579
v 1.797464 1.802266 -0.014403
v 1.643670 1.838463 -0.142339
v 1.638393 1.920964 -0.190321
v 1.495334 2.425277 -0.190321
v 1.480008 2.503827 -0.142339
v 1.480008 2.503827 -0.014403
v 1.495334 2.425277 0.033579
v 1.638393 1.920964 0.033579
v 1.643670 1.838463 -0.014403
v 1.501338 1.794269 -0.142339
v 1.464639 1.867209 -0.190321
v 1.358693 2.398423 -0.190321
v 1.340002 2.476259 -0.142339
v 1.340002 2.476259 -0.014403
v 1.358693 2.398423 0.033579
v 1.464639 1.867209 0.033579
v 1.501338 1.794269 -0.014403
v 1.298808 1.684910 -0.142339
v 1.285593 1.768897 -0.190321
v 1.141434 2.333332 -0.190321
v 1.117213 2.409588 -0.142339
v 1.117213 2.409588 -0.014403
v 1.141434 2.333332 0.033579
v 1.285593 1.768897 0.033579
v 1.298808 1.684910 -0.014403
v 1.132588 1.716443 -0.142339
v 1.121222 1.798864 -0.190321
v 1.006165 2.288854 -0.190321
v 0.983988 2.365772 -0.142339
v 0.983988 2.365772 -0.014403
v 1.006165 2.288854 0.033579
v 1.121222 1.798864 0.033579
v 1.132588 1.716443 -0.014403
v 0.953077 1.655357 -0.142339
v 0.898498 1.722089 -0.190321
v 0.799666 2.233942 -0.190321
v 0.784312 2.312658 -0.142339
v 0.784312 2.312658 -0.014403
v 0.799666 2.233942 0.033579
v 0.898498 1.722089 0.033579
v 0.953077 1.655357 -0.014403
v 0.850660 1.453352 -0.142339
v 0.772962 1.482754 -0.190321
v 0.539041 2.184127 -0.190321
v 0.551028 2.269892 -0.142339
v 0.551028 2.269892 -0.014403
v 0.539041 2.184127 0.033579
v 0.772962 1.482754 0.033579
v 0.850660 1.453352 -0.014403
v 0.374702 2.251085 -0.190321
v 0.761913 1.296909 -0.190321
v 0.840335 1.241325 -0.142339
v 0.840335 1.241325 -0.014403
v 0.761913 1.296909 0.033579
v 0.374702 2.251085 0.033579
v 0.399650 2.322387 -0.014403
v 0.399650 2.322387 -0.142339
v 0.686786 1.252917 0.033579
v 0.702915 1.156368 -0.014403
v 0.702915 1.156368 -0.142339
v 0.686786 1.252917 -0.190321
v 0.494007 1.350232 -0.190321
v 0.439296 1.281448 -0.142339
v 0.439296 1.281448 -0.014403
v 0.494007 1.350232 0.033579
v 2.987444 2.394400 0.035920
v 3.094249 2.443357 -0.014403
v 3.094249 2.443357 -0.142339
v 2.998000 2.383084 -0.190321
v 2.919719 2.444491 -0.190321
v 3.002066 2.520606 -0.142339
v 3.002066 2.520606 -0.014403
v 2.922534 2.445637 0.031807
v 2.953244 2.045910 -0.190321
v 3.034242 1.991292 -0.142339
v 3.034242 1.991292 -0.014403
v 2.941639 2.056767 0.036951
v 2.889057 1.988758 -0.190321
v 2.954441 1.919016 -0.142339
v 2.954441 1.919016 -0.014403
v 2.882259 1.995756 0.035122
vt 0.076063 0.079162
vt 0.076063 0.086204
vt 0.070503 0.086204
vt 0.070503 0.079162
vt 0.076063 0.093274
vt 0.070503 0.093274
vt 0.076063 0.072197
vt 0.076063 0.076489
vt 0.070503 0.072200
vt 0.076063 0.100319
vt 0.070503 0.100319
vt 0.076063 0.107285
vt 0.070503 0.107287
vt 0.372288 0.557272
vt 0.371387 0.588713
vt 0.364830 0.511175
vt 0.397318 0.557271
vt 0.398221 0.588712
vt 0.354238 0.577394
vt 0.356838 0.562893
vt 0.367813 0.461915
vt 0.404772 0.511173
vt 0.348503 0.527694
vt 0.412768 0.562891
vt 0.415369 0.577392
vt 0.401785 0.461913
vt 0.421100 0.527690
vt 0.076106 0.149357
vt 0.076114 0.156399
vt 0.070554 0.156406
vt 0.070545 0.149363
vt 0.076115 0.156778
vt 0.076123 0.163363
vt 0.070562 0.163370
vt 0.076097 0.142288
vt 0.070536 0.142294
vt 0.076089 0.135245
vt 0.070528 0.135251
vt 0.076080 0.128281
vt 0.070519 0.128286
vt 0.600724 0.144067
vt 0.599430 0.019620
vt 0.600841 0.291720
vt 0.568039 0.144289
vt 0.567644 0.019836
vt 0.600420 0.010186
vt 0.621545 0.135133
vt 0.616790 0.021603
vt 0.569920 0.291929
vt 0.547099 0.135638
vt 0.550312 0.022054
vt 0.566526 0.010416
vt 0.617288 0.019154
vt 0.549781 0.019612
vt 0.063368 0.086496
vt 0.063368 0.079434
vt 0.067873 0.079434
vt 0.067873 0.086496
vt 0.063368 0.076775
vt 0.063368 0.072489
vt 0.067873 0.072489
vt 0.063368 0.093598
vt 0.067873 0.093598
vt 0.063368 0.100660
vt 0.067873 0.100660
vt 0.063368 0.107604
vt 0.067873 0.107604
vt 0.063368 0.156763
vt 0.063368 0.149702
vt 0.067873 0.149702
vt 0.067873 0.156763
vt 0.063368 0.142600
vt 0.067873 0.142600
vt 0.067873 0.163708
vt 0.063368 0.163708
vt 0.063368 0.157140
vt 0.063368 0.135538
vt 0.067873 0.135538
vt 0.063368 0.128593
vt 0.067873 0.128593
vt 0.083355 0.058435
vt 0.083355 0.065401
vt 0.077848 0.065401
vt 0.077848 0.058435
vt 0.083355 0.072383
vt 0.077848 0.072383
vt 0.083355 0.051514
vt 0.077848 0.051514
vt 0.083355 0.079349
vt 0.077848 0.079349
vt 0.083355 0.086269
vt 0.077848 0.086269
vt 0.083355 0.127961
vt 0.083355 0.134927
vt 0.077848 0.134927
vt 0.077848 0.127961
vt 0.083355 0.141849
vt 0.077848 0.141847
vt 0.083355 0.120980
vt 0.077848 0.120980
vt 0.083355 0.114013
vt 0.077848 0.114013
vt 0.083355 0.107092
vt 0.077848 0.107092
vt 0.086020 0.064966
vt 0.086020 0.057949
vt 0.090490 0.057949
vt 0.090490 0.064966
vt 0.086020 0.051023
vt 0.090490 0.051023
vt 0.086020 0.072013
vt 0.090490 0.072013
vt 0.086020 0.079030
vt 0.090490 0.079030
vt 0.086020 0.085956
vt 0.090490 0.085956
vt 0.086020 0.134863
vt 0.086020 0.127846
vt 0.090490 0.127846
vt 0.090490 0.134863
vt 0.086020 0.120799
vt 0.090490 0.120799
vt 0.086020 0.141789
vt 0.090490 0.141791
vt 0.086020 0.113782
vt 0.090490 0.113782
vt 0.086020 0.106856
vt 0.090490 0.106856
vt 0.138762 0.914092
vt 0.138741 0.799433
vt 0.106768 0.914098
vt 0.106747 0.799439
vt 0.159380 0.811071
vt 0.159396 0.896590
vt 0.086128 0.896603
vt 0.086112 0.811085
vt 0.603196 0.338619
vt 0.568199 0.338855
vt 0.620611 0.289410
vt 0.624245 0.319745
vt 0.546897 0.320268
vt 0.550120 0.289887
vt 0.076056 0.065205
vt 0.070495 0.065211
vt 0.076048 0.058188
vt 0.070487 0.058194
vt 0.076040 0.051198
vt 0.070480 0.051204
vt 0.076069 0.114274
vt 0.070508 0.114279
vt 0.076074 0.121291
vt 0.070514 0.121295
vt 0.076078 0.125965
vt 0.076079 0.126586
vt 0.063368 0.065506
vt 0.067873 0.065506
vt 0.063368 0.058483
vt 0.067873 0.058483
vt 0.063368 0.051500
vt 0.067873 0.051500
vt 0.063368 0.114587
vt 0.067873 0.114587
vt 0.063368 0.121610
vt 0.067873 0.121610
vt 0.063368 0.126897
vt 0.063368 0.126277
vt 0.486701 0.518097
vt 0.498679 0.510998
vt 0.486406 0.518097
vt 0.474430 0.510994
vt 0.512095 0.495996
vt 0.496554 0.526971
vt 0.494643 0.528778
vt 0.478460 0.528776
vt 0.476550 0.526968
vt 0.461018 0.495988
vt 0.506134 0.453497
vt 0.466993 0.453491
vt 0.507560 0.408216
vt 0.529585 0.454748
vt 0.530398 0.500110
vt 0.442714 0.500097
vt 0.443541 0.454735
vt 0.465580 0.408209
vt 0.508327 0.376355
vt 0.532790 0.410784
vt 0.440349 0.410769
vt 0.464824 0.376348
vt 0.507942 0.356176
vt 0.534328 0.378461
vt 0.438822 0.378446
vt 0.465214 0.356170
vt 0.508246 0.333134
vt 0.534787 0.357884
vt 0.438369 0.357870
vt 0.464918 0.333128
vt 0.505913 0.314179
vt 0.535231 0.334637
vt 0.437932 0.334622
vt 0.467257 0.314173
vt 0.509868 0.281275
vt 0.534944 0.315288
vt 0.438225 0.315273
vt 0.463312 0.281268
vt 0.508202 0.258834
vt 0.535580 0.281098
vt 0.437600 0.281083
vt 0.464985 0.258827
vt 0.505392 0.245745
vt 0.534746 0.258370
vt 0.438440 0.258355
vt 0.467798 0.245739
vt 0.508992 0.227557
vt 0.534126 0.245405
vt 0.439065 0.245391
vt 0.464204 0.227550
vt 0.505527 0.205205
vt 0.534275 0.226634
vt 0.438921 0.226619
vt 0.467677 0.205199
vt 0.506945 0.177174
vt 0.533068 0.203619
vt 0.440136 0.203605
vt 0.466266 0.177168
vt 0.506261 0.150236
vt 0.531888 0.174327
vt 0.441325 0.174313
vt 0.466959 0.150230
vt 0.499958 0.016020
vt 0.529960 0.145871
vt 0.443261 0.145858
vt 0.473303 0.016016
vt 0.517216 0.023452
vt 0.456043 0.023442
vt 0.369529 0.426918
vt 0.368512 0.391017
vt 0.400066 0.426916
vt 0.346267 0.459692
vt 0.349503 0.427442
vt 0.366257 0.371072
vt 0.401080 0.391016
vt 0.347799 0.401819
vt 0.420092 0.427439
vt 0.423330 0.459689
vt 0.368830 0.338471
vt 0.403333 0.371070
vt 0.421793 0.401816
vt 0.368583 0.303965
vt 0.400757 0.338470
vt 0.346442 0.370135
vt 0.346746 0.337750
vt 0.369710 0.268391
vt 0.401001 0.303964
vt 0.347680 0.302829
vt 0.422841 0.337746
vt 0.423148 0.370132
vt 0.366803 0.251478
vt 0.399872 0.268389
vt 0.349430 0.271172
vt 0.421904 0.302826
vt 0.367221 0.226309
vt 0.402777 0.251476
vt 0.347078 0.262500
vt 0.420152 0.271170
vt 0.368564 0.201158
vt 0.402357 0.226308
vt 0.422503 0.262497
vt 0.367491 0.165417
vt 0.401012 0.201157
vt 0.346712 0.224744
vt 0.347588 0.200255
vt 0.369127 0.127192
vt 0.402082 0.165415
vt 0.345432 0.162839
vt 0.421987 0.200252
vt 0.422866 0.224740
vt 0.368578 0.012588
vt 0.400442 0.127190
vt 0.348649 0.123400
vt 0.424141 0.162835
vt 0.400982 0.012586
vt 0.347422 0.023604
vt 0.420920 0.123397
vt 0.422139 0.023601
vt 0.083345 0.155737
vt 0.083340 0.162674
vt 0.077832 0.162670
vt 0.077837 0.155733
vt 0.083350 0.148786
vt 0.077842 0.148782
vt 0.083355 0.093205
vt 0.077848 0.093205
vt 0.083355 0.100156
vt 0.077848 0.100156
vt 0.085996 0.162687
vt 0.086004 0.155730
vt 0.090474 0.155735
vt 0.090466 0.162692
vt 0.086012 0.148744
vt 0.090482 0.148749
vt 0.086020 0.092913
vt 0.090490 0.092913
vt 0.086020 0.099900
vt 0.090490 0.099900
vt 0.312973 0.096413
vt 0.303345 0.082009
vt 0.317752 0.091632
vt 0.306728 0.099000
vt 0.320338 0.085386
vt 0.299968 0.099002
vt 0.320337 0.078626
vt 0.293722 0.096416
vt 0.317749 0.072380
vt 0.288941 0.091636
vt 0.312968 0.067601
vt 0.286353 0.085391
vt 0.306722 0.065015
vt 0.286352 0.078631
vt 0.299962 0.065016
vt 0.288938 0.072385
vt 0.293717 0.067604
vt 0.311566 0.050982
vt 0.328558 0.054365
vt 0.311565 0.057742
vt 0.314154 0.044736
vt 0.314151 0.063988
vt 0.318935 0.039957
vt 0.318931 0.068769
vt 0.325181 0.037371
vt 0.325176 0.071357
vt 0.331941 0.037372
vt 0.331936 0.071358
vt 0.338186 0.039960
vt 0.338182 0.068772
vt 0.342966 0.044741
vt 0.342963 0.063992
vt 0.345552 0.050987
vt 0.345551 0.057747
vt 0.512362 0.517816
vt 0.988765 0.558752
vt 0.778002 0.493241
vt 0.763554 0.497639
vt 0.962138 0.489234
vt 0.834474 0.477009
vt 0.768641 0.524954
vt 0.877766 0.542798
vt 0.877776 0.542786
vt 0.884193 0.539433
vt 0.891405 0.538790
vt 0.898314 0.540957
vt 0.903868 0.545602
vt 0.904822 0.547427
vt 0.988804 0.562621
vt 0.966955 0.436792
vt 0.864515 0.425982
vt 0.880191 0.599177
vt 0.878737 0.572038
vt 0.874960 0.568879
vt 0.871606 0.562462
vt 0.870964 0.555249
vt 0.873130 0.548340
vt 0.905110 0.547978
vt 0.987147 0.564343
vt 0.973334 0.400437
vt 0.859327 0.387278
vt 0.907222 0.552019
vt 0.907864 0.559231
vt 0.905698 0.566141
vt 0.901052 0.571694
vt 0.894635 0.575048
vt 0.887423 0.575690
vt 0.880514 0.573524
vt 0.977950 0.378073
vt 0.853116 0.360528
vt 0.982251 0.352879
vt 0.861559 0.349784
vt 0.984840 0.331776
vt 0.875761 0.316131
vt 0.986668 0.294603
vt 0.872768 0.276254
vt 0.988416 0.269686
vt 0.857056 0.246079
vt 0.988837 0.255114
vt 0.856246 0.237090
vt 0.988423 0.234981
vt 0.865348 0.219418
vt 0.986818 0.209659
vt 0.875983 0.193778
vt 0.982494 0.178060
vt 0.874405 0.151719
vt 0.976434 0.147659
vt 0.914863 0.133687
vt 0.853292 0.119716
vt 0.947853 0.004459
vt 0.906346 0.046804
vt 0.913441 0.046171
vt 0.920238 0.048303
vt 0.925702 0.052873
vt 0.929001 0.059186
vt 0.929633 0.066281
vt 0.927502 0.073078
vt 0.922932 0.078542
vt 0.916619 0.081841
vt 0.864751 0.024649
vt 0.909524 0.082473
vt 0.902727 0.080342
vt 0.897263 0.075772
vt 0.893964 0.069459
vt 0.893332 0.062364
vt 0.895463 0.055567
vt 0.900033 0.050103
vt 0.471889 0.514610
vt 0.965757 0.543537
vt 0.763561 0.497683
vt 0.778008 0.493281
vt 0.988830 0.562599
vt 0.904835 0.547435
vt 0.903881 0.545612
vt 0.898329 0.540971
vt 0.891423 0.538808
vt 0.884215 0.539452
vt 0.877803 0.542806
vt 0.877793 0.542817
vt 0.768656 0.524997
vt 0.426345 0.516737
vt 0.962142 0.489220
vt 0.987174 0.564322
vt 0.905123 0.547986
vt 0.873162 0.548358
vt 0.870999 0.555263
vt 0.871643 0.562471
vt 0.874997 0.568883
vt 0.878772 0.572039
vt 0.880228 0.599187
vt 0.966944 0.436776
vt 0.880549 0.573524
vt 0.887454 0.575688
vt 0.894662 0.575043
vt 0.901075 0.571690
vt 0.905716 0.566138
vt 0.907879 0.559232
vt 0.907234 0.552024
vt 0.859302 0.387294
vt 0.973313 0.400420
vt 0.853083 0.360546
vt 0.977922 0.378054
vt 0.861523 0.349800
vt 0.982216 0.352860
vt 0.875715 0.316142
vt 0.984799 0.331755
vt 0.872710 0.276266
vt 0.986616 0.294581
vt 0.856989 0.246095
vt 0.988356 0.269664
vt 0.856177 0.237107
vt 0.988773 0.255092
vt 0.865273 0.219433
vt 0.988353 0.234959
vt 0.875901 0.193789
vt 0.986741 0.209638
vt 0.874310 0.151731
vt 0.982408 0.178040
vt 0.853188 0.119734
vt 0.914764 0.133687
vt 0.976339 0.147641
vt 0.864620 0.024664
vt 0.916542 0.081969
vt 0.922901 0.078644
vt 0.927503 0.073138
vt 0.929648 0.066291
vt 0.929009 0.059144
vt 0.925684 0.052785
vt 0.920178 0.048183
vt 0.913330 0.046038
vt 0.906183 0.046677
vt 0.947715 0.004449
vt 0.899825 0.050002
vt 0.895223 0.055508
vt 0.893078 0.062356
vt 0.893717 0.069503
vt 0.897042 0.075861
vt 0.902548 0.080463
vt 0.909395 0.082608
vt 0.299557 0.016023
vt 0.316550 0.019401
vt 0.299558 0.022783
vt 0.302143 0.009778
vt 0.302146 0.029029
vt 0.306922 0.004997
vt 0.306927 0.033808
vt 0.313167 0.002409
vt 0.313173 0.036394
vt 0.319927 0.002407
vt 0.319933 0.036393
vt 0.326173 0.004993
vt 0.326178 0.033805
vt 0.330954 0.009773
vt 0.330957 0.029024
vt 0.333542 0.016018
vt 0.333543 0.022778
vt 0.271093 0.037447
vt 0.285497 0.047075
vt 0.268505 0.043692
vt 0.275874 0.032668
vt 0.268504 0.050452
vt 0.282120 0.030082
vt 0.271090 0.056698
vt 0.288880 0.030083
vt 0.275869 0.061479
vt 0.295125 0.032671
vt 0.282114 0.064067
vt 0.299904 0.037452
vt 0.288874 0.064068
vt 0.302490 0.043698
vt 0.295120 0.061482
vt 0.302489 0.050458
vt 0.299901 0.056703
vt 0.965736 0.543553
vt 0.501219 0.514614
vt 0.988791 0.558730
vt 0.460745 0.517808
vt 0.546970 0.153503
vt 0.621916 0.152995
vt 0.864501 0.425997
vt 0.834475 0.477032
vt 0.343257 0.516741
vt 0.425912 0.378537
vt 0.419847 0.389765
vt 0.349744 0.389768
vt 0.343679 0.378540
vt 0.423732 0.225535
vt 0.423631 0.245561
vt 0.345949 0.245565
vt 0.345845 0.225539
vt 0.422530 0.143116
vt 0.863749 0.135732
vt 0.401262 0.146303
vt 0.368309 0.146304
vt 0.347041 0.143119
vt 0.863848 0.135717
vt 0.368027 0.183288
vt 0.346510 0.181547
vt 0.875194 0.172749
vt 0.984656 0.193860
vt 0.532478 0.188973
vt 0.506236 0.191190
vt 0.466971 0.191184
vt 0.984574 0.193839
vt 0.440731 0.188959
vt 0.423064 0.181544
vt 0.875106 0.172760
vt 0.401547 0.183286
vt 0.367893 0.213734
vt 0.347150 0.212499
vt 0.870665 0.206598
vt 0.987620 0.222320
vt 0.533671 0.215127
vt 0.507259 0.216381
vt 0.465940 0.216375
vt 0.987547 0.222298
vt 0.439529 0.215112
vt 0.422427 0.212496
vt 0.870587 0.206611
vt 0.401684 0.213732
vt 0.369146 0.286178
vt 0.348555 0.287001
vt 0.864912 0.261166
vt 0.987542 0.282144
vt 0.535163 0.269734
vt 0.509035 0.270054
vt 0.464148 0.270048
vt 0.987486 0.282123
vt 0.438020 0.269719
vt 0.421028 0.286998
vt 0.864850 0.261181
vt 0.400436 0.286177
vt 0.368707 0.321218
vt 0.347213 0.320289
vt 0.874264 0.296192
vt 0.985754 0.313189
vt 0.535262 0.298193
vt 0.507890 0.297727
vt 0.465284 0.297720
vt 0.985707 0.313168
vt 0.437912 0.298178
vt 0.422373 0.320286
vt 0.874212 0.296204
vt 0.400879 0.321217
vt 0.367544 0.354772
vt 0.346594 0.353942
vt 0.868660 0.332958
vt 0.983545 0.342328
vt 0.535088 0.324962
vt 0.507079 0.323656
vt 0.466087 0.323650
vt 0.983507 0.342307
vt 0.438079 0.324948
vt 0.422994 0.353939
vt 0.868619 0.332971
vt 0.402045 0.354770
vt 0.369020 0.408967
vt 0.348651 0.414630
vt 0.856222 0.373903
vt 0.975642 0.389255
vt 0.534558 0.368173
vt 0.508134 0.366266
vt 0.465019 0.366259
vt 0.975618 0.389237
vt 0.438596 0.368158
vt 0.420942 0.414627
vt 0.856193 0.373920
vt 0.400573 0.408966
vt 0.368671 0.444416
vt 0.347885 0.443567
vt 0.861921 0.406630
vt 0.970145 0.418614
vt 0.533559 0.394622
vt 0.507943 0.392285
vt 0.465202 0.392279
vt 0.970129 0.418598
vt 0.439586 0.394608
vt 0.421711 0.443564
vt 0.861902 0.406646
vt 0.400925 0.444415
vt 0.366321 0.486545
vt 0.344762 0.488217
vt 0.849494 0.451496
vt 0.964546 0.463013
vt 0.531188 0.432766
vt 0.506847 0.430856
vt 0.466287 0.430850
vt 0.964543 0.462998
vt 0.441945 0.432752
vt 0.424838 0.488213
vt 0.849488 0.451515
vt 0.403278 0.486543
vt 0.368559 0.534223
vt 0.352671 0.545293
vt 0.806238 0.485125
vt 0.963937 0.516393
vt 0.529991 0.477429
vt 0.509115 0.474746
vt 0.464006 0.474739
vt 0.963950 0.516379
vt 0.443128 0.477416
vt 0.416934 0.545290
vt 0.806242 0.485156
vt 0.401045 0.534222
vt 0.506790 0.516215
vt 0.977250 0.551152
vt 0.355538 0.570144
vt 0.770778 0.495440
vt 0.371838 0.572993
vt 0.397769 0.572992
vt 0.414069 0.570141
vt 0.770784 0.495482
vt 0.466317 0.516209
vt 0.977274 0.551134
vt 0.467724 0.503491
vt 0.505387 0.503497
vt 0.548509 0.305078
vt 0.766109 0.511340
vt 0.569060 0.315392
vt 0.602018 0.315169
vt 0.622428 0.304578
vt 0.766097 0.511297
vt 0.620872 0.262127
vt 0.790951 0.539799
vt 0.600817 0.262189
vt 0.569544 0.262401
vt 0.549490 0.262610
vt 0.790971 0.539835
vt 0.086126 0.888051
vt 0.939406 0.006471
vt 0.106766 0.902632
vt 0.138760 0.902627
vt 0.159394 0.888038
vt 0.939542 0.006478
vt 0.518490 0.035694
vt 0.950711 0.018779
vt 0.500588 0.029441
vt 0.472669 0.029437
vt 0.454765 0.035684
vt 0.950578 0.018768
vt 0.159382 0.818768
vt 0.872230 0.022832
vt 0.138743 0.809753
vt 0.106749 0.809758
vt 0.086114 0.818781
vt 0.872098 0.022844
vt 0.863605 0.034156
vt 0.347544 0.033584
vt 0.368633 0.024048
vt 0.400928 0.024047
vt 0.863477 0.034171
vt 0.422017 0.033581
vn -0.550973 0.119866 -0.825869
vn -0.550973 0.119866 -0.825870
vn -0.548651 0.132406 -0.825500
vn -0.548812 0.131554 -0.825529
vn 0.000000 0.000000 -1.000000
vn 0.000000 0.000000 -1.000000
vn -0.000000 0.000000 -1.000000
vn 0.000000 0.000000 -1.000000
vn -0.000000 0.000000 -1.000000
vn 0.000000 0.000000 -1.000000
vn 0.000000 0.000000 -1.000000
vn 0.000000 0.000000 -1.000000
vn -0.000000 0.000000 -1.000000
vn 0.000000 0.000000 -1.000000
vn 0.000000 0.000000 -1.000000
vn 0.000000 0.000000 -1.000000
vn 0.000000 0.000000 -1.000000
vn -0.000000 0.000000 -1.000000
vn 0.000000 0.000000 -1.000000
vn 0.000000 0.000000 -1.000000
vn 0.000000 0.000000 -1.000000
vn -0.548652 0.132406 0.825500
vn -0.550974 0.119866 0.825869
vn -0.550974 0.119866 0.825869
vn -0.548813 0.131554 0.825529
vn 0.000000 0.000000 1.000000
vn 0.000000 0.000000 1.000000
vn -0.000000 0.000000 1.000000
vn 0.000000 0.000000 1.000000
vn 0.000000 0.000000 1.000000
vn 0.000000 0.000000 1.000000
vn -0.000000 0.000000 1.000000
vn -0.000000 0.000000 1.000000
vn -0.000000 0.000000 1.000000
vn 0.000000 0.000000 1.000000
vn 0.000000 0.000000 1.000000
vn -0.000000 0.000000 1.000000
vn 0.000000 0.000000 1.000000
vn -0.000000 0.000000 1.000000
vn 0.000000 0.000000 1.000000
vn 0.000000 0.000000 1.000000
vn 0.000000 0.000000 1.000000
vn 0.413507 0.408554 -0.813693
vn 0.411441 0.396835 -0.820511
vn 0.417248 0.430789 -0.800204
vn 0.417248 0.430789 -0.800204
vn 0.417248 0.430789 0.800203
vn 0.411441 0.396835 0.820511
vn 0.413507 0.408554 0.813693
vn 0.417248 0.430789 0.800203
vn -0.372743 -0.315322 -0.872717
vn -0.368391 -0.319072 -0.873202
vn -0.405676 -0.286251 -0.868036
vn -0.405676 -0.286251 -0.868036
vn -0.817556 -0.575850 0.000000
vn -0.817556 -0.575850 0.000000
vn -0.760185 -0.649707 0.000000
vn -0.760185 -0.649707 0.000000
vn 0.103700 -0.428697 -0.897477
vn -0.010770 -0.446459 -0.894739
vn -0.041929 -0.450260 -0.891913
vn 0.103700 -0.428697 -0.897477
vn -0.064006 -0.997950 0.000000
vn -0.064006 -0.997950 0.000000
vn 0.235115 -0.971968 0.000000
vn 0.235115 -0.971968 0.000000
vn 0.485517 -0.067409 -0.871624
vn 0.463262 -0.105925 -0.879868
vn 0.419585 -0.176614 -0.890368
vn 0.419585 -0.176614 -0.890368
vn -0.368391 -0.319072 0.873202
vn -0.372744 -0.315322 0.872716
vn -0.405676 -0.286252 0.868036
vn -0.405676 -0.286252 0.868036
vn 0.785585 0.561169 -0.260664
vn 0.940536 0.217822 -0.260664
vn 0.940536 0.217822 -0.260664
vn 0.785585 0.561168 -0.260664
vn 0.158684 0.952299 -0.260665
vn 0.511035 0.819083 -0.260664
vn 0.511035 0.819084 -0.260664
vn 0.158684 0.952299 -0.260665
vn 0.952299 -0.158685 -0.260665
vn 0.952299 -0.158685 -0.260665
vn -0.217822 0.940535 -0.260669
vn -0.217822 0.940535 -0.260669
vn 0.103700 -0.428697 0.897477
vn 0.103700 -0.428697 0.897477
vn -0.041929 -0.450260 0.891912
vn -0.010770 -0.446460 0.894739
vn 0.921678 -0.387957 0.000000
vn 0.921678 -0.387957 0.000000
vn 0.984656 -0.174508 0.000000
vn 0.984656 -0.174508 0.000000
vn 0.819082 -0.511036 -0.260666
vn 0.819082 -0.511036 -0.260666
vn -0.561169 0.785584 -0.260667
vn -0.561169 0.785584 -0.260667
vn 0.561169 -0.785584 -0.260666
vn 0.561169 -0.785584 -0.260666
vn 0.217820 -0.940536 -0.260665
vn 0.217820 -0.940536 -0.260665
vn -0.952299 0.158685 -0.260663
vn -0.819080 0.511041 -0.260664
vn -0.819082 0.511037 -0.260664
vn -0.952299 0.158685 -0.260663
vn -0.965535 0.260273 0.000000
vn -0.973249 0.229754 0.000000
vn -0.973249 0.229754 0.000000
vn -0.965535 0.260273 0.000000
vn 0.463262 -0.105925 0.879868
vn 0.485518 -0.067409 0.871624
vn 0.419585 -0.176614 0.890368
vn 0.419585 -0.176614 0.890368
vn 0.434641 -0.220935 -0.873084
vn 0.502776 -0.076488 -0.861026
vn 0.499862 -0.085562 -0.861868
vn 0.431034 -0.227168 -0.873272
vn -0.158686 -0.952299 -0.260662
vn -0.158686 -0.952299 -0.260662
vn -0.940536 -0.217822 -0.260664
vn -0.940536 -0.217823 -0.260664
vn 0.000000 0.000000 -1.000000
vn 0.000000 0.000000 -1.000000
vn -0.000000 0.000000 -1.000000
vn -0.000000 0.000000 -1.000000
vn -0.785585 -0.561168 -0.260666
vn -0.785585 -0.561168 -0.260666
vn -0.511035 -0.819083 -0.260665
vn -0.511035 -0.819083 -0.260665
vn 0.923986 0.213990 0.316950
vn 0.771763 0.551295 0.316948
vn 0.771763 0.551295 0.316948
vn 0.923986 0.213989 0.316950
vn 0.502043 0.804672 0.316947
vn 0.155892 0.935544 0.316948
vn 0.155892 0.935544 0.316948
vn 0.502043 0.804673 0.316947
vn 0.935543 -0.155893 0.316950
vn 0.935543 -0.155893 0.316950
vn -0.213989 0.923987 0.316950
vn -0.213989 0.923987 0.316950
vn 0.987259 -0.159119 0.000000
vn 0.987259 -0.159119 0.000000
vn 0.968770 -0.247962 0.000000
vn 0.968770 -0.247962 0.000000
vn 0.804671 -0.502044 0.316950
vn 0.804670 -0.502044 0.316950
vn -0.551294 0.771762 0.316952
vn -0.551294 0.771762 0.316952
vn 0.000000 0.000000 -1.000000
vn 0.000000 0.000000 -1.000000
vn -0.000000 0.000000 -1.000000
vn -0.000000 0.000000 -1.000000
vn 0.551295 -0.771762 0.316949
vn 0.551295 -0.771762 0.316949
vn 0.000000 0.000000 -1.000000
vn 0.000000 0.000000 -1.000000
vn 0.000000 0.000000 -1.000000
vn 0.000000 0.000000 -1.000000
vn 0.213987 -0.923986 0.316953
vn 0.213987 -0.923986 0.316953
vn 0.434641 -0.220935 0.873083
vn 0.431034 -0.227168 0.873272
vn 0.499863 -0.085562 0.861868
vn 0.502776 -0.076488 0.861026
vn -0.804664 0.502054 0.316951
vn -0.935543 0.155893 0.316950
vn -0.935543 0.155892 0.316950
vn -0.804670 0.502045 0.316951
vn -0.155894 -0.935542 0.316952
vn -0.155893 -0.935542 0.316952
vn -0.923986 -0.213990 0.316952
vn -0.923986 -0.213990 0.316952
vn -0.771762 -0.551295 0.316951
vn -0.771762 -0.551295 0.316951
vn -0.502043 -0.804671 0.316949
vn -0.502043 -0.804672 0.316949
vn -0.000000 0.000000 1.000000
vn -0.000000 0.000000 1.000000
vn 0.000000 0.000000 1.000000
vn 0.000000 0.000000 1.000000
vn -0.478766 0.391034 -0.786051
vn -0.478766 0.391034 -0.786051
vn 0.159015 -0.466837 -0.869929
vn 0.294224 -0.387529 -0.873644
vn 0.296601 -0.385616 -0.873687
vn 0.160945 -0.466193 -0.869920
vn -0.069365 0.626975 -0.775945
vn -0.069365 0.626975 -0.775945
vn -0.069365 0.626975 -0.775945
vn -0.069365 0.626975 -0.775945
vn -0.774499 0.632575 0.000000
vn -0.774499 0.632575 0.000000
vn 0.000000 0.000000 -1.000000
vn 0.000000 0.000000 -1.000000
vn 0.000000 0.000000 -1.000000
vn 0.000000 0.000000 -1.000000
vn 0.606918 -0.794764 0.000000
vn 0.606918 -0.794764 0.000000
vn 0.437624 -0.899158 0.000000
vn 0.437624 -0.899158 0.000000
vn 0.000000 0.000000 1.000000
vn 0.000000 0.000000 1.000000
vn -0.000000 0.000000 1.000000
vn -0.000000 0.000000 1.000000
vn -0.109961 0.993936 0.000000
vn -0.109961 0.993936 0.000000
vn -0.109961 0.993936 0.000000
vn -0.109961 0.993936 0.000000
vn -0.000000 0.000000 1.000000
vn -0.000000 0.000000 1.000000
vn 0.000000 0.000000 1.000000
vn 0.000000 0.000000 1.000000
vn 0.659629 0.751592 0.000000
vn 0.659629 0.751592 0.000000
vn 0.638735 0.769427 0.000000
vn 0.638735 0.769427 0.000000
vn -0.018726 0.494674 -0.868877
vn -0.033677 0.495934 -0.867707
vn -0.094128 0.502992 -0.859150
vn -0.094429 0.502841 -0.859206
vn 0.000000 0.000000 -1.000000
vn 0.000000 0.000000 -1.000000
vn -0.000000 0.000000 -1.000000
vn -0.000000 0.000000 -1.000000
vn 0.000000 0.000000 -1.000000
vn 0.000000 0.000000 -1.000000
vn -0.000000 0.000000 -1.000000
vn -0.478766 0.391035 0.786050
vn -0.478766 0.391035 0.786050
vn 0.000000 0.000000 -1.000000
vn 0.000000 0.000000 -1.000000
vn 0.000000 0.000000 -1.000000
vn 0.000000 0.000000 -1.000000
vn 0.159015 -0.466838 0.869929
vn 0.160945 -0.466194 0.869920
vn 0.296601 -0.385617 0.873686
vn 0.294225 -0.387530 0.873643
vn -0.004435 0.004216 0.999981
vn -0.003113 0.002739 0.999991
vn -0.000800 0.003270 0.999994
vn -0.001189 0.004859 0.999987
vn 0.000000 0.000000 -1.000000
vn -0.000000 0.000000 -1.000000
vn 0.000000 0.000000 -1.000000
vn 0.000000 0.000000 -1.000000
vn -0.069365 0.626974 0.775946
vn -0.069365 0.626974 0.775946
vn -0.069365 0.626974 0.775946
vn -0.069365 0.626974 0.775946
vn 0.000000 0.000000 -1.000000
vn 0.000000 0.000000 -1.000000
vn -0.095651 -0.507989 -0.856036
vn -0.011748 -0.504291 -0.863454
vn -0.000646 -0.503182 -0.864180
vn -0.093359 -0.508204 -0.856162
vn -0.000000 0.000000 -1.000000
vn 0.000000 0.000000 -1.000000
vn 0.000000 0.000000 -1.000000
vn 0.000000 0.000000 -1.000000
vn -0.013138 -0.999914 0.000000
vn -0.013138 -0.999914 0.000000
vn -0.186383 -0.982477 0.000000
vn -0.186383 -0.982477 0.000000
vn -0.180315 0.983609 0.000000
vn -0.180315 0.983609 0.000000
vn -0.053921 0.998545 0.000000
vn -0.053921 0.998545 0.000000
vn -0.000000 0.000000 1.000000
vn -0.000000 0.000000 1.000000
vn 0.000000 0.000000 1.000000
vn 0.000000 0.000000 1.000000
vn 0.000000 0.000000 1.000000
vn -0.000000 0.000000 1.000000
vn -0.000000 0.000000 1.000000
vn -0.000000 0.000000 1.000000
vn -0.000000 0.000000 1.000000
vn 0.000000 0.000000 1.000000
vn 0.000000 0.000000 1.000000
vn -0.000000 0.000000 1.000000
vn 0.000000 0.000000 1.000000
vn -0.000000 0.000000 1.000000
vn -0.033677 0.495934 0.867707
vn -0.018726 0.494674 0.868877
vn -0.094429 0.502840 0.859206
vn -0.094128 0.502992 0.859150
vn 0.000000 0.000000 1.000000
vn 0.000000 0.000000 1.000000
vn -0.000000 0.000000 1.000000
vn 0.190230 -0.437042 -0.879094
vn -0.045550 -0.500938 -0.864284
vn -0.062183 -0.502457 -0.862363
vn 0.202736 -0.432357 -0.878616
vn -0.107852 -0.994167 0.000000
vn -0.107852 -0.994167 0.000000
vn 0.019388 -0.999812 0.000000
vn 0.019388 -0.999812 0.000000
vn 0.000000 0.000000 1.000000
vn 0.000000 0.000000 1.000000
vn 0.000000 0.000000 1.000000
vn 0.000000 0.000000 1.000000
vn -0.107694 0.502060 -0.858101
vn -0.108074 0.501984 -0.858098
vn -0.132150 0.496769 -0.857763
vn -0.132094 0.496784 -0.857763
vn -0.000000 0.000000 -1.000000
vn -0.000000 0.000000 -1.000000
vn 0.000000 0.000000 -1.000000
vn 0.000000 0.000000 -1.000000
vn -0.095651 -0.507990 0.856036
vn -0.093359 -0.508204 0.856162
vn -0.000646 -0.503183 0.864180
vn -0.011748 -0.504291 0.863454
vn 0.331459 -0.389569 -0.859285
vn 0.329701 -0.390950 -0.859334
vn 0.661869 0.704557 -0.255986
vn -0.257062 0.966395 0.000000
vn -0.257062 0.966395 0.000000
vn -0.210109 0.977678 0.000000
vn -0.210109 0.977678 0.000000
vn 0.707631 -0.706582 0.000000
vn 0.707631 -0.706582 0.000000
vn 0.654579 -0.755993 -0.000000
vn 0.654579 -0.755994 -0.000000
vn 0.190230 -0.437042 0.879094
vn 0.202737 -0.432357 0.878615
vn -0.062183 -0.502457 0.862363
vn -0.045550 -0.500937 0.864284
vn -0.000000 0.000000 -1.000000
vn -0.000000 0.000000 -1.000000
vn 0.000000 0.000000 -1.000000
vn 0.000000 0.000000 -1.000000
vn -0.108074 0.501984 0.858098
vn -0.107694 0.502060 0.858101
vn -0.132094 0.496784 0.857763
vn -0.132150 0.496769 0.857762
vn 0.149713 -0.480960 -0.863866
vn 0.252947 -0.439658 -0.861811
vn 0.250404 -0.440981 -0.861878
vn 0.148406 -0.481345 -0.863876
vn -0.148824 0.492135 -0.857703
vn -0.148955 0.492096 -0.857702
vn -0.160685 0.488582 -0.857594
vn -0.160658 0.488591 -0.857594
vn -0.000000 0.000000 1.000000
vn -0.000000 0.000000 1.000000
vn -0.000000 0.000000 1.000000
vn -0.000000 0.000000 1.000000
vn 0.331460 -0.389569 0.859285
vn 0.329701 -0.390950 0.859334
vn -0.704557 0.661868 -0.255987
vn 0.496365 -0.868114 -0.000000
vn 0.496365 -0.868114 -0.000000
vn 0.296534 -0.955022 0.000000
vn 0.296534 -0.955022 0.000000
vn 0.000000 0.000000 -1.000000
vn 0.000000 0.000000 -1.000000
vn -0.312426 0.949942 0.000000
vn -0.312426 0.949942 0.000000
vn -0.289588 0.957152 0.000000
vn -0.289588 0.957152 0.000000
vn -0.163569 0.487650 -0.857579
vn -0.163562 0.487653 -0.857579
vn -0.151731 0.491414 -0.857607
vn -0.151729 0.491415 -0.857607
vn -0.000000 0.000000 1.000000
vn -0.000000 0.000000 1.000000
vn 0.000000 0.000000 1.000000
vn 0.000000 0.000000 1.000000
vn -0.115093 -0.494293 -0.861643
vn 0.022022 -0.501571 -0.864836
vn 0.023423 -0.501488 -0.864847
vn -0.110250 -0.495147 -0.861786
vn -0.000000 0.000000 -1.000000
vn -0.000000 0.000000 -1.000000
vn -0.000000 0.000000 -1.000000
vn -0.000000 0.000000 -1.000000
vn 0.149714 -0.480960 0.863865
vn 0.148406 -0.481346 0.863876
vn 0.250404 -0.440981 0.861878
vn 0.252947 -0.439658 0.861811
vn -0.148955 0.492096 0.857702
vn -0.148824 0.492135 0.857703
vn -0.160658 0.488591 0.857594
vn -0.160685 0.488582 0.857594
vn 0.045152 -0.998980 0.000000
vn 0.045152 -0.998980 0.000000
vn -0.229101 -0.973403 0.000000
vn -0.229101 -0.973403 0.000000
vn 0.650628 0.692590 0.311452
vn -0.294936 0.955517 0.000000
vn -0.294936 0.955517 0.000000
vn -0.318004 0.948090 0.000000
vn -0.318004 0.948090 0.000000
vn 0.000000 0.000000 1.000000
vn 0.000000 0.000000 1.000000
vn -0.096537 -0.497984 -0.861796
vn -0.181301 -0.481357 -0.857570
vn -0.181048 -0.481411 -0.857592
vn -0.096660 -0.497963 -0.861794
vn -0.142607 0.494125 -0.857615
vn -0.142665 0.494109 -0.857615
vn -0.352241 -0.935909 0.000000
vn -0.352241 -0.935909 0.000000
vn -0.163809 -0.986492 0.000000
vn -0.163809 -0.986492 0.000000
vn 0.000000 0.000000 -1.000000
vn 0.000000 0.000000 -1.000000
vn 0.000000 0.000000 -1.000000
vn 0.000000 0.000000 -1.000000
vn -0.163562 0.487653 0.857579
vn -0.163569 0.487651 0.857579
vn -0.151728 0.491415 0.857607
vn -0.151731 0.491414 0.857607
vn -0.115093 -0.494294 0.861642
vn -0.110250 -0.495147 0.861785
vn 0.023423 -0.501488 0.864847
vn 0.022022 -0.501571 0.864836
vn 0.188319 -0.463290 -0.865967
vn 0.188319 -0.463290 -0.865967
vn -0.277291 0.960786 0.000000
vn -0.277291 0.960786 0.000000
vn -0.692589 0.650626 0.311458
vn 0.030261 -0.999542 0.000000
vn 0.030261 -0.999542 0.000000
vn -0.000000 0.000000 1.000000
vn -0.000000 0.000000 1.000000
vn 0.000000 0.000000 1.000000
vn 0.000000 0.000000 1.000000
vn -0.123315 0.499124 -0.857711
vn -0.123249 0.499140 -0.857711
vn -0.099266 0.504451 -0.857715
vn -0.099206 0.504464 -0.857715
vn 0.285083 -0.427984 -0.857647
vn 0.284943 -0.428072 -0.857649
vn -0.096537 -0.497984 0.861796
vn -0.096660 -0.497963 0.861795
vn -0.181048 -0.481411 0.857592
vn -0.181301 -0.481357 0.857570
vn -0.142665 0.494109 0.857615
vn -0.142607 0.494125 0.857615
vn -0.000000 0.000000 -1.000000
vn -0.000000 0.000000 -1.000000
vn -0.000000 0.000000 -1.000000
vn -0.000000 0.000000 -1.000000
vn 0.561070 -0.827768 0.000000
vn 0.561070 -0.827768 0.000000
vn 0.555002 -0.831849 -0.000000
vn 0.555002 -0.831849 -0.000000
vn -0.193193 0.981161 0.000000
vn -0.193193 0.981161 0.000000
vn -0.239788 0.970825 0.000000
vn -0.239788 0.970825 0.000000
vn 0.188319 -0.463291 0.865966
vn 0.188319 -0.463291 0.865966
vn -0.086572 0.506973 -0.857603
vn -0.086677 0.506953 -0.857604
vn -0.089009 0.506578 -0.857587
vn -0.089030 0.506574 -0.857588
vn 0.000000 0.000000 -1.000000
vn 0.000000 0.000000 -1.000000
vn 0.000000 0.000000 1.000000
vn 0.000000 0.000000 1.000000
vn -0.000000 0.000000 1.000000
vn -0.000000 0.000000 1.000000
vn 0.164088 -0.478374 -0.862690
vn 0.252355 -0.444894 -0.859294
vn 0.249788 -0.446127 -0.859405
vn 0.161523 -0.479183 -0.862725
vn -0.123250 0.499140 0.857711
vn -0.123315 0.499125 0.857711
vn -0.099206 0.504465 0.857714
vn -0.099266 0.504452 0.857714
vn 0.491038 -0.871138 -0.000001
vn 0.491038 -0.871138 -0.000001
vn 0.323365 -0.946274 0.000000
vn 0.323365 -0.946274 0.000000
vn 0.285083 -0.427983 0.857647
vn 0.284942 -0.428072 0.857649
vn 0.000000 0.000000 -1.000000
vn 0.000000 0.000000 -1.000000
vn -0.173057 0.984912 0.000000
vn -0.173057 0.984912 0.000000
vn -0.168428 0.985714 0.000000
vn -0.168428 0.985714 0.000000
vn -0.097212 0.505076 -0.857583
vn -0.097183 0.505081 -0.857583
vn -0.085049 0.507193 -0.857626
vn -0.085032 0.507196 -0.857626
vn -0.000000 0.000000 1.000000
vn -0.000000 0.000000 1.000000
vn -0.000000 0.000000 1.000000
vn -0.000000 0.000000 1.000000
vn -0.086677 0.506954 0.857604
vn -0.086573 0.506974 0.857603
vn -0.089030 0.506575 0.857587
vn -0.089009 0.506578 0.857587
vn -0.147731 -0.480145 -0.864660
vn 0.042368 -0.497209 -0.866596
vn 0.039720 -0.497364 -0.866632
vn -0.137787 -0.482315 -0.865094
vn 0.000000 0.000000 -1.000000
vn 0.000000 0.000000 -1.000000
vn 0.000000 0.000000 -1.000000
vn 0.000000 0.000000 -1.000000
vn 0.082486 -0.996592 0.000000
vn 0.082486 -0.996592 0.000000
vn -0.084822 -0.996396 0.000000
vn -0.084822 -0.996396 0.000000
vn 0.164088 -0.478374 0.862690
vn 0.161523 -0.479183 0.862725
vn 0.249788 -0.446126 0.859405
vn 0.252355 -0.444893 0.859295
vn -0.000000 0.000000 1.000000
vn -0.000000 0.000000 1.000000
vn -0.165160 0.986267 0.000000
vn -0.165160 0.986267 0.000000
vn -0.188974 0.981982 0.000000
vn -0.188974 0.981982 0.000000
vn -0.061753 0.510517 -0.857647
vn -0.061753 0.510517 -0.857647
vn 0.046873 -0.496400 -0.866827
vn -0.227689 -0.460299 -0.858069
vn -0.231454 -0.459420 -0.857532
vn 0.045901 -0.496340 -0.866914
vn 0.000000 0.000000 1.000000
vn 0.000000 0.000000 1.000000
vn -0.446700 -0.894684 0.000000
vn -0.446700 -0.894684 0.000000
vn -0.426280 -0.904591 0.000000
vn -0.426280 -0.904591 0.000000
vn -0.045800 0.512245 -0.857617
vn -0.045854 0.512241 -0.857617
vn -0.097183 0.505081 0.857583
vn -0.097212 0.505076 0.857583
vn -0.085032 0.507196 0.857626
vn -0.085049 0.507193 0.857626
vn -0.120163 0.992754 0.000000
vn -0.120163 0.992754 0.000000
vn -0.000000 0.000000 -1.000000
vn -0.000000 0.000000 -1.000000
vn -0.000000 0.000000 -1.000000
vn -0.000000 0.000000 -1.000000
vn -0.147731 -0.480145 0.864660
vn -0.137787 -0.482315 0.865094
vn 0.039720 -0.497364 0.866632
vn 0.042368 -0.497209 0.866596
vn -0.089109 0.996022 0.000000
vn -0.089109 0.996022 0.000000
vn -0.061753 0.510517 0.857647
vn -0.061753 0.510517 0.857647
vn -0.000000 0.000000 1.000000
vn -0.000000 0.000000 1.000000
vn -0.000000 0.000000 1.000000
vn -0.000000 0.000000 1.000000
vn -0.029206 0.513346 -0.857685
vn -0.029142 0.513349 -0.857685
vn -0.011385 0.513977 -0.857729
vn -0.011416 0.513976 -0.857729
vn 0.048851 -0.485303 0.872980
vn 0.048357 -0.485293 0.873013
vn -0.231455 -0.459420 0.857532
vn -0.227690 -0.460299 0.858069
vn -0.045854 0.512240 0.857617
vn -0.045800 0.512245 0.857617
vn -0.022186 0.999754 0.000000
vn -0.022186 0.999754 0.000000
vn -0.056741 0.998389 0.000000
vn -0.056741 0.998389 0.000000
vn 0.008183 0.513994 -0.857755
vn 0.008146 0.513994 -0.857755
vn 0.032766 0.513192 -0.857648
vn 0.032871 0.513187 -0.857647
vn 0.000000 0.000000 1.000000
vn 0.000000 0.000000 1.000000
vn 0.000000 0.000000 1.000000
vn 0.000000 0.000000 1.000000
vn 0.113595 -0.488654 -0.865051
vn 0.127243 -0.478465 -0.868839
vn -0.029142 0.513349 0.857685
vn -0.029206 0.513346 0.857685
vn -0.011416 0.513976 0.857728
vn -0.011385 0.513977 0.857728
vn 0.195710 -0.980662 0.000000
vn 0.195710 -0.980662 0.000000
vn 0.237752 -0.971326 0.000000
vn 0.237752 -0.971326 0.000000
vn 0.063746 0.997966 0.000000
vn 0.063746 0.997966 0.000000
vn 0.015885 0.999874 0.000000
vn 0.015885 0.999874 0.000000
vn 0.027253 0.513738 -0.857514
vn 0.027319 0.513734 -0.857515
vn 0.008146 0.513995 0.857755
vn 0.008183 0.513994 0.857755
vn 0.032871 0.513186 0.857648
vn 0.032766 0.513192 0.857648
vn 0.518652 0.831285 -0.199912
vn 0.797290 0.569529 -0.199914
vn 0.797290 0.569529 -0.199914
vn 0.518651 0.831286 -0.199912
vn 0.954548 0.221073 -0.199914
vn 0.954548 0.221073 -0.199914
vn 0.161051 0.966487 -0.199915
vn 0.161050 0.966487 -0.199915
vn 0.966487 -0.161049 -0.199915
vn 0.966487 -0.161049 -0.199915
vn -0.221068 0.954549 -0.199914
vn -0.221068 0.954549 -0.199914
vn 0.052842 0.998603 0.000000
vn 0.052842 0.998603 0.000000
vn 0.123305 -0.468233 0.874959
vn 0.110407 -0.477974 0.871408
vn 0.831288 -0.518648 -0.199913
vn 0.831288 -0.518647 -0.199913
vn -0.569532 0.797288 -0.199913
vn -0.569532 0.797288 -0.199913
vn 0.569533 -0.797288 -0.199912
vn 0.569533 -0.797288 -0.199912
vn -0.831285 0.518653 -0.199911
vn -0.831285 0.518652 -0.199911
vn 0.027704 0.510253 0.859578
vn 0.027635 0.510237 0.859589
vn 0.221063 -0.954550 -0.199913
vn 0.221063 -0.954550 -0.199913
vn -0.966487 0.161054 -0.199911
vn -0.966487 0.161053 -0.199911
vn -0.341859 -0.904215 -0.255984
vn -0.341859 -0.904215 -0.255984
vn -0.161051 -0.966487 -0.199914
vn -0.161050 -0.966487 -0.199914
vn -0.954550 -0.221064 -0.199912
vn -0.954550 -0.221065 -0.199912
vn -0.518648 -0.831287 -0.199915
vn -0.518647 -0.831288 -0.199915
vn -0.797291 -0.569527 -0.199915
vn -0.797291 -0.569527 -0.199915
vn 0.781201 0.558034 0.279862
vn 0.508182 0.814510 0.279866
vn 0.508182 0.814510 0.279866
vn 0.781201 0.558035 0.279862
vn 0.935285 0.216605 0.279864
vn 0.935285 0.216605 0.279864
vn 0.157799 0.946981 0.279868
vn 0.157800 0.946981 0.279868
vn 0.946983 -0.157798 0.279864
vn 0.946983 -0.157799 0.279864
vn -0.216606 0.935285 0.279863
vn -0.216606 0.935285 0.279863
vn 0.814510 -0.508183 0.279864
vn 0.814510 -0.508183 0.279864
vn -0.558039 0.781198 0.279862
vn -0.558040 0.781197 0.279862
vn 0.032394 0.507680 -0.860936
vn 0.052148 0.491567 -0.869277
vn 0.158442 0.398162 -0.903528
vn 0.158442 0.398162 -0.903528
vn 0.558039 -0.781197 0.279864
vn 0.558041 -0.781196 0.279864
vn -0.814512 0.508181 0.279861
vn -0.814512 0.508181 0.279861
vn 0.216603 -0.935284 0.279868
vn 0.216603 -0.935284 0.279868
vn -0.946982 0.157803 0.279863
vn -0.946982 0.157804 0.279863
vn 0.344202 0.183388 -0.920812
vn 0.451822 -0.011376 -0.892035
vn 0.465326 -0.039117 -0.884275
vn 0.344202 0.183388 -0.920812
vn -0.157799 -0.946981 0.279869
vn -0.157800 -0.946981 0.279869
vn -0.935284 -0.216605 0.279868
vn -0.935284 -0.216605 0.279868
vn -0.508183 -0.814509 0.279865
vn -0.508183 -0.814510 0.279865
vn -0.781200 -0.558033 0.279868
vn -0.781199 -0.558034 0.279868
vn 0.369734 0.929138 0.000000
vn 0.369734 0.929138 0.000000
vn 0.076840 0.997043 0.000000
vn 0.076840 0.997043 0.000000
vn 0.997914 -0.064563 0.000000
vn 0.997914 -0.064563 0.000000
vn 0.882551 0.470218 0.000000
vn 0.882551 0.470218 0.000000
vn 0.050984 0.488688 0.870968
vn 0.032768 0.503485 0.863383
vn 0.153200 0.399590 0.903802
vn 0.153200 0.399590 0.903802
vn 0.342601 0.190216 0.920023
vn 0.342601 0.190216 0.920023
vn 0.442340 -0.039542 0.895975
vn 0.435957 -0.022722 0.899681
vn -0.336051 -0.888857 0.311454
vn -0.336051 -0.888857 0.311454
vn 0.000000 0.000000 -1.000000
vn 0.000000 0.000000 -1.000000
vn 0.000000 0.000000 1.000000
vn -0.003537 0.002625 0.999990
vn -0.000000 0.000000 -1.000000
vn -0.000000 0.000000 -1.000000
vn -0.000000 0.000000 -1.000000
vn -0.000000 0.000000 -1.000000
vn -0.000000 0.000000 -1.000000
vn -0.000000 0.000000 -1.000000
vn -0.000000 0.000000 -1.000000
vn -0.000000 0.000000 -1.000000
vn -0.000000 0.000000 -1.000000
vn 0.000000 0.000000 1.000000
vn 0.000000 0.000000 1.000000
vn 0.000000 0.000000 1.000000
vn 0.000000 0.000000 1.000000
vn 0.000000 0.000000 1.000000
vn 0.000000 0.000000 1.000000
vn 0.000000 0.000000 1.000000
vn 0.000000 0.000000 1.000000
vn 0.000000 0.000000 1.000000
vn -0.000000 0.000000 -1.000000
vn -0.000000 0.000000 -1.000000
vn -0.000000 0.000000 -1.000000
vn -0.000000 0.000000 -1.000000
vn -0.000000 0.000000 -1.000000
vn -0.000000 0.000000 -1.000000
vn -0.000000 0.000000 -1.000000
vn -0.000000 0.000000 -1.000000
vn -0.000000 0.000000 -1.000000
vn -0.000000 0.000000 -1.000000
vn -0.000000 0.000000 -1.000000
vn -0.000000 0.000000 -1.000000
vn -0.000000 0.000000 -1.000000
vn 0.000000 0.000000 1.000000
vn 0.000000 0.000000 1.000000
vn 0.000000 0.000000 1.000000
vn 0.000000 0.000000 1.000000
vn 0.000000 0.000000 1.000000
vn 0.000000 0.000000 1.000000
vn 0.000000 0.000000 1.000000
vn 0.000000 0.000000 1.000000
vn 0.000000 0.000000 1.000000
vn 0.000000 0.000000 1.000000
vn 0.000000 0.000000 1.000000
vn 0.000000 0.000000 1.000000
vn 0.000000 0.000000 1.000000
vn -0.005775 0.004286 0.999974
vn 0.000000 0.000000 1.000000
vn 0.000000 0.000000 1.000000
vn 0.000000 0.000000 1.000000
vn 0.000000 0.000000 1.000000
vn 0.000000 0.000000 1.000000
vn 0.000000 0.000000 1.000000
vn 0.000000 0.000000 1.000000
vn -0.005444 0.004040 0.999977
vn 0.000000 0.000000 -1.000000
vn 0.000000 0.000000 -1.000000
vn 0.000000 0.000000 -1.000000
vn 0.000000 0.000000 -1.000000
vn 0.000000 0.000000 -1.000000
vn 0.000000 0.000000 -1.000000
vn 0.000000 0.000000 -1.000000
vn 0.000000 0.000000 -1.000000
vn 0.000000 0.000000 -1.000000
vn 0.000000 0.000000 -1.000000
vn 0.000000 0.000000 -1.000000
vn 0.000000 0.000000 -1.000000
vn 0.000000 0.000000 -1.000000
vn 0.000000 0.000000 -1.000000
vn 0.000000 0.000000 -1.000000
vn 0.000000 0.000000 -1.000000
vn 0.000000 0.000000 -1.000000
vn 0.000000 0.000000 -1.000000
vn 0.000000 0.000000 -1.000000
vn 0.000000 0.000000 -1.000000
vn -0.006229 0.004623 0.999970
vn -0.006229 0.004623 0.999970
vn -0.006229 0.004623 0.999970
vn -0.006229 0.004623 0.999970
vn -0.006229 0.004623 0.999970
vn -0.006229 0.004623 0.999970
vn -0.006229 0.004623 0.999970
vn -0.006229 0.004623 0.999970
vn -0.006229 0.004623 0.999970
vn -0.006229 0.004623 0.999970
vn -0.006229 0.004623 0.999970
vn -0.466253 -0.884651 0.000000
vn -0.466253 -0.884651 0.000000
vn 0.134372 -0.990931 0.000000
vn 0.134372 -0.990931 0.000000
vn 0.758736 -0.651398 0.000000
vn 0.758736 -0.651398 0.000000
vn 0.516185 -0.026813 -0.856057
vn 0.515935 -0.028623 -0.856150
vn 0.000000 0.000000 -1.000000
vn 0.000000 0.000000 -1.000000
vn 0.179863 0.456625 -0.871288
vn 0.156030 0.462986 -0.872524
vn 0.095293 0.995449 0.000000
vn 0.095293 0.995449 0.000000
vn 0.179863 0.456625 0.871288
vn 0.156030 0.462986 0.872524
vn 0.000000 0.000000 1.000000
vn 0.000000 0.000000 1.000000
vn 0.515935 -0.028623 0.856149
vn 0.516185 -0.026813 0.856057
vn 0.998816 -0.048643 0.000000
vn 0.998816 -0.048643 0.000000
vn 0.679084 0.734060 0.000000
vn 0.679084 0.734060 0.000000
vn -0.210947 -0.434556 0.875593
vn -0.212339 -0.433847 0.875608
vn -0.324708 -0.945814 0.000000
vn -0.324708 -0.945814 0.000000
vn -0.212339 -0.433847 -0.875608
vn -0.210946 -0.434556 -0.875593
vn -0.508842 -0.860860 0.000000
vn -0.508842 -0.860860 0.000000
vn 0.438203 -0.082894 0.895045
vn 0.443794 -0.071269 0.893290
vn 0.356002 -0.237423 0.903821
vn 0.356002 -0.237423 0.903821
vn 0.773974 -0.633218 0.000000
vn 0.773974 -0.633218 0.000000
vn 0.982940 -0.183926 0.000000
vn 0.982940 -0.183926 0.000000
vn 0.465690 -0.083359 -0.881013
vn 0.460718 -0.092247 -0.882740
vn 0.342384 -0.280119 -0.896832
vn 0.342384 -0.280119 -0.896832
vn 0.258237 -0.371462 -0.891813
vn 0.258238 -0.371462 -0.891812
vn 0.570810 -0.821082 0.000000
vn 0.570810 -0.821082 0.000000
vn 0.231863 -0.379981 0.895463
vn 0.231863 -0.379981 0.895463
s 1
g knife_lowpoly handle_low
usemtl aiStandardSurface1SG
f 240/447/559 238/441/560 239/442/561 261/448/562
s 2
f 241/705/563 242/706/564 243/707/565
f 244/708/566 242/706/564 241/705/563
f 243/707/565 242/706/564 245/709/567
f 246/710/568 242/706/564 244/708/566
f 245/709/567 242/706/564 247/711/569
f 248/712/570 242/706/564 246/710/568
f 247/711/569 242/706/564 249/713/571
f 250/714/572 242/706/564 248/712/570
f 249/713/571 242/706/564 251/715/573
f 252/716/574 242/706/564 250/714/572
f 251/715/573 242/706/564 253/717/575
f 254/718/576 242/706/564 252/716/574
f 253/717/575 242/706/564 255/719/577
f 256/720/578 242/706/564 254/718/576
f 255/719/577 242/706/564 257/721/579
f 257/721/579 242/706/564 256/720/578
s 3
f 260/445/580 258/444/581 259/450/582 279/451/583
s 4
f 262/722/584 263/723/585 264/724/586
f 264/724/586 263/723/585 265/726/587
f 266/725/588 263/723/585 262/722/584
f 265/726/587 263/723/585 267/728/589
f 268/727/590 263/723/585 266/725/588
f 267/728/589 263/723/585 269/730/591
f 270/729/592 263/723/585 268/727/590
f 269/730/591 263/723/585 271/732/593
f 272/731/594 263/723/585 270/729/592
f 271/732/593 263/723/585 273/734/595
f 274/733/596 263/723/585 272/731/594
f 273/734/595 263/723/585 275/736/597
f 276/735/598 263/723/585 274/733/596
f 275/736/597 263/723/585 277/738/599
f 278/737/600 263/723/585 276/735/598
f 277/738/599 263/723/585 278/737/600
s 5
f 607/1060/601 600/1049/602 280/919/603 283/568/604
s 6
f 285/812/605 605/1057/606 606/1059/607 287/570/608
s 7
f 612/1067/609 613/1069/610 238/441/611 240/923/612
s 8
f 258/444/613 238/441/614 613/1069/615 614/1070/616
s 7
f 290/537/617 610/1064/618 611/1065/619 291/540/620
s 10
f 609/1063/621 610/1064/622 290/537/623 293/538/624
s 11
f 601/1051/625 602/1053/626 290/415/627 291/419/628
s 12
f 614/1070/629 615/1071/630 259/922/631 258/444/632
s 13
f 297/401/633 298/402/634 244/403/635 241/404/636
f 299/543/637 300/407/638 243/409/639 245/544/640
f 298/402/634 301/405/641 246/406/642 244/403/635
f 302/545/643 299/543/637 245/544/640 247/546/644
s 12
f 293/538/645 303/541/646 608/1061/647 609/1063/648
s 15
f 293/418/649 290/415/650 602/1053/651 603/1054/652
s 13
f 301/405/641 304/410/653 248/411/654 246/406/642
f 305/547/655 302/545/643 247/546/644 249/548/656
f 304/410/653 306/412/657 250/413/658 248/411/654
f 306/412/657 308/549/659 252/550/660 250/413/658
f 309/428/661 310/429/662 251/430/663 253/431/664
s 16
f 239/442/665 238/441/666 258/444/667 260/445/668
s 17
f 603/1054/669 604/1055/670 303/425/671 293/418/672
s 11
f 312/416/673 592/1037/674 593/1038/675 313/423/676
s 13
f 308/549/659 314/551/677 254/552/678 252/550/660
f 315/435/679 309/428/661 253/431/664 255/436/680
s 19
f 600/1050/681 601/1052/682 291/742/683 280/740/684
s 13
f 316/437/685 315/435/679 255/436/680 257/438/686
f 317/439/687 316/437/685 257/438/686 256/440/688
s 20
f 318/455/689 319/456/690 264/457/691 265/458/692
f 320/460/693 321/555/694 266/556/695 262/461/696
f 322/462/697 318/455/689 265/458/692 267/463/698
f 321/555/694 323/557/699 268/558/700 266/556/695
s 15
f 599/1048/701 592/1037/702 312/416/703 330/422/704
s 20
f 324/464/705 322/462/697 267/463/698 269/465/706
f 323/557/699 325/559/707 270/560/708 268/558/700
s 19
f 326/762/709 261/763/710 327/753/711 328/752/712
s 20
f 329/466/713 324/464/705 269/465/706 271/467/714
s 19
f 593/1039/715 594/1040/716 331/743/717 313/744/718
s 20
f 332/561/719 329/466/713 271/467/714 273/562/720
s 17
f 330/422/721 333/427/722 598/1046/723 599/1048/724
s 20
f 334/468/725 335/469/726 274/470/727 272/471/728
f 336/563/729 332/561/719 273/562/720 275/564/730
f 335/469/726 337/472/731 276/473/732 274/470/727
f 337/472/731 338/477/733 278/478/734 276/473/732
f 338/477/733 339/479/735 277/480/736 278/478/734
s 27
f 604/1056/737 605/1058/738 285/920/739 303/814/740
s 1
f 239/442/561 340/446/741 327/453/742 261/448/562
s 11
f 341/421/743 584/1025/744 585/1026/745 342/638/746
s off
f 340/567/747 283/568/748 280/572/749 327/573/750
s 16
f 340/446/751 239/442/665 260/445/668 349/452/752
s 19
f 343/804/753 628/1091/754 344/793/755 345/792/756
s 29
f 591/1036/757 584/1025/758 341/421/759 351/426/760
s 27
f 346/817/761 347/816/762 279/827/763 348/828/764
s off
f 283/568/765 340/567/766 349/569/767 287/570/768
s 27
f 597/1044/769 598/1047/770 333/925/771 350/826/772
s 31
f 606/1059/773 607/1060/774 283/568/775 287/570/776
s 5
f 594/1041/777 595/1042/778 352/577/779 331/580/780
s 19
f 585/1027/781 586/1028/782 353/754/783 342/755/784
s 33
f 354/884/785 355/885/786 356/886/787
s 3
f 260/445/580 279/451/583 347/454/788 349/452/789
s 33
f 357/887/790 355/885/786 354/884/785
f 356/886/787 355/885/786 358/888/791
f 359/889/792 355/885/786 357/887/790
f 358/888/791 355/885/786 360/890/793
s 17
f 351/426/794 361/644/795 590/1034/796 591/1036/797
s 27
f 362/866/798 363/864/799 364/863/800 631/1095/801
s 33
f 365/891/802 355/885/786 359/889/792
f 360/890/793 355/885/786 366/892/803
f 367/893/804 355/885/786 365/891/802
f 366/892/803 355/885/786 368/894/805
s off
f 349/569/806 347/574/807 285/575/808 287/570/809
s 33
f 369/895/810 355/885/786 367/893/804
f 368/894/805 355/885/786 370/896/811
s 11
f 371/635/812 576/1013/813 577/1014/814 372/639/815
s 33
f 373/897/816 355/885/786 369/895/810
f 370/896/811 355/885/786 374/898/817
f 375/899/818 355/885/786 373/897/816
f 374/898/817 355/885/786 376/900/819
f 376/900/819 355/885/786 375/899/818
s 36
f 583/1024/820 576/1013/821 371/635/822 388/637/823
s 37
f 389/578/824 352/577/825 595/1042/826 596/1043/827
s 38
f 377/901/828 378/902/829 379/903/830
f 379/903/830 378/902/829 380/905/831
f 381/904/832 378/902/829 377/901/828
f 380/905/831 378/902/829 382/907/833
f 383/906/834 378/902/829 381/904/832
f 382/907/833 378/902/829 384/909/835
f 385/908/836 378/902/829 383/906/834
f 384/909/835 378/902/829 386/911/837
f 387/910/838 378/902/829 385/908/836
f 386/911/837 378/902/829 390/913/839
f 391/912/840 378/902/829 387/910/838
f 390/913/839 378/902/829 392/915/841
s 6
f 596/1043/842 597/1045/843 350/583/844 389/578/845
s 38
f 393/914/846 378/902/829 391/912/840
f 392/915/841 378/902/829 394/917/847
f 395/916/848 378/902/829 393/914/846
f 394/917/847 378/902/829 395/916/848
s 11
f 396/636/849 568/1001/850 569/1002/851 397/642/852
s 36
f 575/1012/853 568/1001/854 396/636/855 402/641/856
s 27
f 589/1032/857 590/1035/858 361/924/859 398/835/860
s 5
f 586/1029/861 587/1030/862 399/579/863 353/586/864
s 19
f 577/1015/865 578/1016/866 400/764/867 372/765/868
s 17
f 388/637/869 401/643/870 582/1022/871 583/1024/872
s 11
f 403/640/873 396/636/849 397/929/852 404/930/874
s 13
f 300/407/638 405/408/875 297/401/633 241/404/636 243/409/639
s 37
f 408/584/876 399/579/877 587/1030/878 588/1031/879
s 42
f 402/641/880 396/636/881 403/640/882 409/646/883
s 17
f 402/641/884 406/647/885 574/1010/886 575/1012/887
s 19
f 569/1003/888 570/1004/889 407/773/890 397/774/891
s 6
f 588/1031/892 589/1033/893 398/587/894 408/584/895
s 11
f 410/645/896 560/989/897 561/990/898 411/651/899
s 5
f 578/1017/900 579/1018/901 412/585/902 400/590/903
s 27
f 581/1020/904 582/1023/905 401/843/906 413/844/907
s 17
f 409/646/908 414/927/909 406/928/885 402/641/884
s 13
f 310/429/662 415/432/910 305/433/655 249/434/656 251/430/663
s 42
f 567/1000/911 560/989/912 410/645/913 417/649/914
s 19
f 407/773/890 416/775/915 404/776/916 397/774/891
s 37
f 418/588/917 412/585/918 579/1018/919 580/1019/920
s 5
f 570/1005/921 571/1006/922 419/589/923 407/594/924
s 27
f 573/1008/925 574/1011/926 406/845/927 420/846/928
s 11
f 421/648/929 552/977/930 553/978/931 422/654/932
s 19
f 561/991/933 562/992/934 423/777/935 411/778/936
s 17
f 417/649/937 424/655/938 566/998/939 567/1000/940
s 6
f 580/1019/941 581/1021/942 413/591/943 418/588/944
s 42
f 559/988/945 552/977/946 421/648/947 426/653/948
s 20
f 264/457/691 319/456/690 425/459/949 320/460/693 262/461/696
s 37
f 431/592/950 419/589/951 571/1006/952 572/1007/953
s 27
f 420/846/928 406/845/927 414/847/954 427/848/955
s 11
f 428/652/956 544/965/957 545/966/958 429/659/959
s 5
f 419/589/923 430/593/960 416/598/961 407/594/924
s 42
f 551/976/962 544/965/963 428/652/964 436/658/965
s 19
f 553/979/966 554/980/967 432/779/968 422/780/969
s 6
f 572/1007/970 573/1009/971 420/595/972 431/592/973
s 17
f 426/653/974 433/660/975 558/986/976 559/988/977
s 11
f 434/657/978 428/652/956 429/659/959 435/663/979
s 37
f 430/593/980 419/589/951 431/592/950 440/596/981
s 20
f 270/474/708 325/475/707 437/476/982 334/468/725 272/471/728
s 42
f 436/658/965 428/652/964 434/657/983 443/662/984
s 27
f 565/996/985 566/999/986 424/849/987 438/850/988
s 5
f 562/993/989 563/994/990 439/597/991 423/602/992
s 11
f 441/661/993 434/657/978 435/933/979 442/934/994
s 17
f 436/658/995 444/664/996 550/974/997 551/976/998
s 6
f 431/592/973 420/595/972 427/599/999 440/596/1000
s 19
f 545/967/1001 546/968/1002 445/781/1003 429/782/1004
s 49
f 443/662/1005 434/657/1006 441/661/1007 449/666/1008
s 37
f 450/600/1009 439/597/1010 563/994/1011 564/995/1012
s 17
f 443/662/1013 446/667/1014 444/664/996 436/658/995
s 5
f 554/981/1015 555/982/1016 447/601/1017 432/606/1018
s 19
f 445/781/1003 448/783/1019 435/784/1020 429/782/1004
s 27
f 557/984/1021 558/987/1022 433/851/1023 451/852/1024
s 11
f 452/665/1025 536/953/1026 537/954/1027 453/671/1028
s 6
f 564/995/1029 565/997/1030 438/603/1031 450/600/1032
s 49
f 543/964/1033 536/953/1034 452/665/1035 456/669/1036
s 17
f 449/666/1037 454/931/1038 446/932/1014 443/662/1013
s 19
f 448/783/1019 455/785/1039 442/786/1040 435/784/1020
s 37
f 458/604/1041 447/601/1042 555/982/1043 556/983/1044
s 5
f 546/969/1045 547/970/1046 457/605/1047 445/610/1048
s 27
f 549/972/1049 550/975/1050 444/853/1051 459/854/1052
s 6
f 556/983/1053 557/985/1054 451/607/1055 458/604/1056
s 11
f 460/668/1057 528/941/1058 529/942/1059 461/674/1060
s 19
f 537/955/1061 538/956/1062 462/787/1063 453/788/1064
s 49
f 535/952/1065 528/941/1066 460/668/1067 466/673/1068
s 17
f 456/669/1069 463/675/1070 542/962/1071 543/964/1072
s 27
f 459/854/1052 444/853/1051 446/855/1073 464/856/1074
s 37
f 467/608/1075 457/605/1076 547/970/1077 548/971/1078
s 5
f 457/605/1047 465/609/1079 448/614/1080 445/610/1048
s 11
f 468/672/1081 526/938/1082 527/939/1083 344/679/1084
s 27
f 464/856/1074 446/855/1073 454/857/1085 469/858/1086
s 54
f 525/937/1087 526/938/1088 468/672/1089 473/678/1090
s 5
f 465/609/1079 470/613/1091 455/618/1092 448/614/1080
s 6
f 548/971/1093 549/973/1094 459/611/1095 467/608/1096
s 37
f 465/609/1097 457/605/1076 467/608/1075 474/612/1098
s 19
f 529/943/1099 530/944/1100 471/789/1101 461/790/1102
s 17
f 466/673/1103 472/680/1104 534/950/1105 535/952/1106
s 37
f 470/613/1107 465/609/1097 474/612/1098 477/616/1108
s 6
f 467/608/1096 459/611/1095 464/615/1109 474/612/1110
s 27
f 541/960/1111 542/963/1112 463/859/1113 475/860/1114
s 5
f 538/957/1115 539/958/1116 476/617/1117 462/622/1118
s 17
f 473/678/1119 364/683/1120 524/935/1121 525/937/1122
s 6
f 474/612/1110 464/615/1109 469/619/1123 477/616/1124
s 37
f 480/620/1125 476/617/1126 539/958/1127 540/959/1128
s 5
f 530/945/1129 531/946/1130 478/621/1131 471/626/1132
s 27
f 533/948/1133 534/951/1134 472/861/1135 479/862/1136
s 11
f 628/1092/1137 629/1093/1138 468/672/1081 344/679/1084
s 6
f 540/959/1139 541/961/1140 475/623/1141 480/620/1142
s 58
f 473/678/1143 468/672/1144 629/1093/1145 630/1094/1146
s 37
f 485/624/1147 478/621/1148 531/946/1149 532/947/1150
s 5
f 478/621/1131 482/625/1151 483/630/1152 471/626/1132
s 6
f 532/947/1153 533/949/1154 479/627/1155 485/624/1156
s 60
f 486/487/1157 487/481/1158 354/484/1159 356/488/1160
f 487/481/1158 488/482/1161 357/483/1162 354/484/1159
f 489/685/1163 486/686/1157 356/687/1160 358/688/1164
f 488/482/1161 490/485/1165 359/486/1166 357/483/1162
f 491/689/1167 489/685/1163 358/688/1164 360/690/1168
s 37
f 482/625/1169 478/621/1148 485/624/1147 496/628/1170
s 17
f 630/1094/1171 631/1096/1172 364/683/1120 473/678/1119
s 60
f 490/485/1165 492/489/1173 365/490/1174 359/486/1166
f 493/497/1175 491/689/1167 360/690/1168 366/498/1176
f 492/489/1173 494/491/1177 367/492/1178 365/490/1174
f 495/494/1179 493/497/1175 366/498/1176 368/495/1180
s 6
f 485/624/1156 479/627/1155 497/631/1181 496/628/1182
s 60
f 494/491/1177 498/691/1183 369/692/1184 367/492/1178
f 499/493/1185 495/494/1179 368/495/1180 370/496/1186
s 13
f 314/551/677 326/553/1187 328/554/1188 317/439/687 256/440/688 254/552/678
s 60
f 498/691/1183 500/693/1189 373/694/1190 369/692/1184
f 501/499/1191 499/493/1185 370/496/1186 374/500/1192
f 500/693/1189 502/503/1193 375/504/1194 373/694/1190
f 503/501/1195 501/499/1191 374/500/1192 376/502/1196
f 502/503/1193 503/501/1195 376/502/1196 375/504/1194
s 61
f 504/506/1197 505/509/1198 377/510/1199 379/507/1200
f 506/505/1201 504/506/1197 379/507/1200 380/508/1202
f 505/695/1198 507/696/1203 381/697/1204 377/698/1199
f 508/511/1205 506/505/1201 380/508/1202 382/512/1206
f 507/696/1203 509/699/1207 383/700/1208 381/697/1204
f 510/513/1209 508/511/1205 382/512/1206 384/514/1210
f 509/699/1207 511/523/1211 385/524/1212 383/700/1208
s 5
f 620/1079/1213 621/1081/1214 512/629/1215 513/633/1216
s 61
f 514/515/1217 510/513/1209 384/514/1210 386/516/1218
f 511/523/1211 515/517/1219 387/520/1220 385/524/1212
f 516/701/1221 514/515/1217 386/516/1218 390/702/1222
f 515/517/1219 517/518/1223 391/519/1224 387/520/1220
s 62
f 512/529/1225 618/1076/1226 619/1077/1227 513/534/1228
s 61
f 518/703/1229 516/701/1221 390/702/1222 392/704/1230
f 517/518/1223 519/521/1231 393/522/1232 391/519/1224
f 520/527/1233 518/703/1229 392/704/1230 394/528/1234
f 519/521/1231 521/525/1235 395/526/1236 393/522/1232
s 37
f 522/632/1237 512/629/1238 621/1081/1239 622/1082/1240
s 61
f 521/525/1235 520/527/1233 394/528/1234 395/526/1236
s 63
f 617/1075/1241 618/1076/1242 512/529/1243 522/531/1244
s 6
f 622/1082/1245 623/1083/1246 523/634/1247 522/632/1248
s 64
f 522/531/1249 523/535/1250 616/1073/1251 617/1075/1252
s 20
f 277/480/736 339/479/735 346/565/1253 348/566/1254 336/563/729 275/564/730
s 19
f 471/789/1101 483/791/1255 345/792/756 344/793/755 527/940/1256 461/790/1102
s 27
f 479/862/1136 472/861/1135 524/936/1257 364/863/800 363/864/799 497/865/1258
s 19
f 289/745/1259 612/1068/1260 240/756/1261 405/757/1262 300/758/1263 299/759/1264 302/760/1265 305/761/1266 415/746/1267
s 27
f 296/824/1268 437/823/1269 325/829/1270 323/830/1271 321/831/1272 320/832/1273 425/833/1274 259/834/1275 615/1072/1276
s 19
f 240/756/1261 261/763/710 326/762/709 314/766/1277 308/767/1278 306/768/1279 304/769/1280 301/770/1281 298/771/1282 297/772/1283 405/757/1262
f 291/742/683 611/1066/1284 289/745/1259 415/746/1267 310/747/1285 309/748/1286 315/749/1287 316/750/1288 317/751/1289 328/752/712 327/753/711 280/740/684
s 27
f 259/834/1275 425/833/1274 319/836/1290 318/837/1291 322/838/1292 324/839/1293 329/840/1294 332/841/1295 336/842/1296 348/828/764 279/827/763
f 303/814/740 285/920/739 347/816/762 346/817/761 339/818/1297 338/819/1298 337/820/1299 335/821/1300 334/822/1301 437/823/1269 296/824/1268 608/1062/1302
f 517/875/1303 515/877/1304 511/878/1305 509/879/1306 507/880/1307 505/881/1308 504/882/1309 506/883/1310 508/867/1311 363/864/799 362/866/798
s 19
f 513/794/1312 619/1078/1313 624/1086/1314 343/804/753 345/792/756 490/803/1315 488/805/1316 487/806/1317 486/807/1318 489/808/1319 491/809/1320 493/810/1321 495/811/1322 499/795/1323
f 483/791/1255 620/1080/1324 513/794/1312 499/795/1323 501/796/1325 503/797/1326 502/798/1327 500/799/1328 498/800/1329 494/801/1330 492/802/1331 490/803/1315 345/792/756
s 27
f 497/865/1258 363/864/799 508/867/1311 510/868/1332 514/869/1333 516/870/1334 518/871/1335 520/872/1336 521/873/1337 519/874/1338 517/875/1303 362/866/798 627/1090/1339 616/1074/1340 523/876/1341 623/1084/1342
s 17
f 525/937/1122 524/935/1121 472/680/1104 466/673/1103
s 54
f 466/673/1343 460/668/1344 526/938/1088 525/937/1087
s 11
f 527/939/1083 526/938/1082 460/668/1057 461/674/1060
f 529/942/1059 528/941/1058 452/665/1025 453/671/1028
s 19
f 462/787/1063 530/944/1100 529/943/1099 453/788/1064
s 5
f 476/617/1117 531/946/1130 530/945/1129 462/622/1118
s 37
f 531/946/1149 476/617/1126 480/620/1125 532/947/1150
s 6
f 480/620/1142 475/623/1141 533/949/1154 532/947/1153
s 27
f 475/860/1114 463/859/1113 534/951/1134 533/948/1133
s 17
f 535/952/1106 534/950/1105 463/675/1070 456/669/1069
s 49
f 456/669/1036 452/665/1035 528/941/1066 535/952/1065
s 11
f 537/954/1027 536/953/1026 441/661/993 442/670/994
s 19
f 455/785/1039 538/956/1062 537/955/1061 442/786/1040
s 5
f 470/613/1091 539/958/1116 538/957/1115 455/618/1092
s 37
f 539/958/1127 470/613/1107 477/616/1108 540/959/1128
s 6
f 477/616/1124 469/619/1123 541/961/1140 540/959/1139
s 27
f 469/858/1086 454/857/1085 542/963/1112 541/960/1111
s 17
f 543/964/1072 542/962/1071 454/676/1038 449/666/1037
s 49
f 449/666/1008 441/661/1007 536/953/1034 543/964/1033
s 11
f 545/966/958 544/965/957 421/648/929 422/654/932
s 19
f 432/779/968 546/968/1002 545/967/1001 422/780/969
s 5
f 447/601/1017 547/970/1046 546/969/1045 432/606/1018
s 37
f 547/970/1077 447/601/1042 458/604/1041 548/971/1078
s 6
f 458/604/1056 451/607/1055 549/973/1094 548/971/1093
s 27
f 451/852/1024 433/851/1023 550/975/1050 549/972/1049
s 17
f 551/976/998 550/974/997 433/660/975 426/653/974
s 42
f 426/653/948 421/648/947 544/965/963 551/976/962
s 11
f 553/978/931 552/977/930 410/645/896 411/651/899
s 19
f 423/777/935 554/980/967 553/979/966 411/778/936
s 5
f 439/597/991 555/982/1016 554/981/1015 423/602/992
s 37
f 555/982/1043 439/597/1010 450/600/1009 556/983/1044
s 6
f 450/600/1032 438/603/1031 557/985/1054 556/983/1053
s 27
f 438/850/988 424/849/987 558/987/1022 557/984/1021
s 17
f 559/988/977 558/986/976 424/655/938 417/649/937
s 42
f 417/649/914 410/645/913 552/977/946 559/988/945
s 11
f 561/990/898 560/989/897 403/640/873 404/650/874
s 19
f 416/775/915 562/992/934 561/991/933 404/776/916
s 5
f 430/593/960 563/994/990 562/993/989 416/598/961
s 37
f 563/994/1011 430/593/980 440/596/981 564/995/1012
s 6
f 440/596/1000 427/599/999 565/997/1030 564/995/1029
s 27
f 427/848/955 414/847/954 566/999/986 565/996/985
s 17
f 567/1000/940 566/998/939 414/656/909 409/646/908
s 42
f 409/646/883 403/640/882 560/989/912 567/1000/911
s 11
f 569/1002/851 568/1001/850 371/635/812 372/639/815
s 19
f 400/764/867 570/1004/889 569/1003/888 372/765/868
s 5
f 412/585/902 571/1006/922 570/1005/921 400/590/903
s 37
f 571/1006/952 412/585/918 418/588/917 572/1007/953
s 6
f 418/588/944 413/591/943 573/1009/971 572/1007/970
s 27
f 413/844/907 401/843/906 574/1011/926 573/1008/925
s 17
f 575/1012/887 574/1010/886 401/643/870 388/637/869
s 36
f 388/637/823 371/635/822 568/1001/854 575/1012/853
s 11
f 577/1014/814 576/1013/813 341/421/743 342/638/746
s 19
f 353/754/783 578/1016/866 577/1015/865 342/755/784
s 5
f 399/579/863 579/1018/901 578/1017/900 353/586/864
s 37
f 579/1018/919 399/579/877 408/584/876 580/1019/920
s 6
f 408/584/895 398/587/894 581/1021/942 580/1019/941
s 27
f 398/835/860 361/924/859 582/1023/905 581/1020/904
s 17
f 583/1024/872 582/1022/871 361/644/795 351/426/794
s 36
f 351/426/1345 341/421/1346 576/1013/821 583/1024/820
s 11
f 585/1026/745 584/1025/744 312/416/673 313/926/676
s 19
f 331/743/717 586/1028/782 585/1027/781 313/744/718
s 5
f 352/577/779 587/1030/862 586/1029/861 331/580/780
s 37
f 587/1030/878 352/577/825 389/578/824 588/1031/879
s 6
f 389/578/845 350/583/844 589/1033/893 588/1031/892
s 27
f 350/826/772 333/925/771 590/1035/858 589/1032/857
s 17
f 591/1036/797 590/1034/796 333/825/722 330/422/721
s 29
f 330/422/1347 312/416/1348 584/1025/758 591/1036/757
s 11
f 593/1038/675 592/1037/674 294/414/1349 295/420/1350
s 19
f 282/918/1351 594/1040/716 593/1039/715 295/741/1352
s 5
f 281/571/1353 595/1042/778 594/1041/777 282/581/1354
s 37
f 595/1042/826 281/571/1355 284/576/1356 596/1043/827
s 6
f 284/576/1357 286/582/1358 597/1045/843 596/1043/842
s 27
f 286/813/1359 311/815/1360 598/1047/770 597/1044/769
s 17
f 599/1048/724 598/1046/723 311/424/1361 307/417/1362
s 15
f 307/417/1363 294/414/1364 592/1037/702 599/1048/701
s 19
f 282/918/1351 295/741/1352 601/1052/682 600/1050/681
s 11
f 294/414/1349 602/1053/626 601/1051/625 295/420/1350
s 15
f 602/1053/651 294/414/1364 307/417/1363 603/1054/652
s 17
f 307/417/1362 311/424/1361 604/1055/670 603/1054/669
s 27
f 286/813/1359 605/1058/738 604/1056/737 311/815/1360
s 6
f 606/1059/607 605/1057/606 286/921/1358 284/576/1357
s 31
f 284/576/1365 281/571/1366 607/1060/774 606/1059/773
s 5
f 281/571/1353 282/739/1354 600/1049/602 607/1060/601
s 12
f 609/1063/648 608/1061/647 296/542/1367 292/449/1368
s 10
f 292/449/1369 288/443/1370 610/1064/622 609/1063/621
s 7
f 611/1065/619 610/1064/618 288/443/1371 289/539/1372
f 288/443/1371 613/1069/610 612/1067/609 289/539/1372
s 8
f 613/1069/615 288/443/1373 292/449/1374 614/1070/616
s 12
f 292/449/1368 296/542/1367 615/1071/630 614/1070/629
s 64
f 626/1088/1375 627/1089/1376 362/536/1377 484/532/1378
s 63
f 484/532/1379 481/530/1380 625/1087/1381 626/1088/1382
s 62
f 624/1085/1383 625/1087/1384 481/530/1385 343/533/1386
s 5
f 482/625/1151 621/1081/1214 620/1079/1213 483/630/1152
s 37
f 621/1081/1239 482/625/1169 496/628/1170 622/1082/1240
s 6
f 496/628/1182 497/631/1181 623/1083/1246 622/1082/1245
s 62
f 619/1077/1227 618/1076/1226 625/1087/1384 624/1085/1383
s 63
f 625/1087/1381 618/1076/1242 617/1075/1241 626/1088/1382
s 64
f 617/1075/1252 616/1073/1251 627/1089/1376 626/1088/1375
s 11
f 481/677/1387 629/1093/1138 628/1092/1137 343/682/1388
s 58
f 629/1093/1145 481/677/1389 484/681/1390 630/1094/1146
s 17
f 484/681/1391 362/684/1392 631/1096/1172 630/1094/1171
g default
v 2.783933 2.262543 0.044466
v 2.760457 2.284597 0.044466
v 2.730328 2.295987 0.044466
v 2.698134 2.294982 0.044466
v 2.668776 2.281732 0.044466
v 2.646722 2.258256 0.044466
v 2.635331 2.228128 0.044466
v 2.636337 2.195934 0.044466
v 2.649587 2.166575 0.044466
v 2.673063 2.144521 0.044466
v 2.703191 2.133131 0.044466
v 2.735385 2.134136 0.044466
v 2.764744 2.147386 0.044466
v 2.786797 2.170861 0.044466
v 2.798188 2.200990 0.044466
v 2.797182 2.233184 0.044466
v 2.716760 2.214559 0.044466
v 2.794892 2.270370 0.019430
v 2.767586 2.296023 0.019430
v 2.732542 2.309271 0.019430
v 2.695096 2.308102 0.019430
v 2.660948 2.292690 0.019430
v 2.635296 2.265385 0.019430
v 2.622047 2.230341 0.019430
v 2.623217 2.192894 0.019430
v 2.638628 2.158746 0.019430
v 2.665934 2.133096 0.019430
v 2.700978 2.119847 0.019430
v 2.738424 2.121016 0.019430
v 2.772572 2.136427 0.019430
v 2.798223 2.163733 0.019430
v 2.811472 2.198776 0.019430
v 2.810303 2.236222 0.019430
v 2.792574 2.270495 -0.170784
v 2.765268 2.296147 -0.170784
v 2.730225 2.309396 -0.170784
v 2.692779 2.308227 -0.170784
v 2.658630 2.292815 -0.170784
v 2.632979 2.265509 -0.170784
v 2.619730 2.230466 -0.170784
v 2.620899 2.193019 -0.170784
v 2.636311 2.158871 -0.170784
v 2.663617 2.133221 -0.170784
v 2.698660 2.119972 -0.170784
v 2.736107 2.121141 -0.170784
v 2.770254 2.136552 -0.170784
v 2.795905 2.163857 -0.170784
v 2.809155 2.198901 -0.170784
v 2.807986 2.236347 -0.170784
v 2.781615 2.262668 -0.195819
v 2.758140 2.284721 -0.195819
v 2.728011 2.296111 -0.195819
v 2.695817 2.295106 -0.195819
v 2.666458 2.281856 -0.195819
v 2.644405 2.258380 -0.195819
v 2.633014 2.228253 -0.195819
v 2.634020 2.196059 -0.195819
v 2.647269 2.166700 -0.195819
v 2.670745 2.144646 -0.195819
v 2.700874 2.133255 -0.195819
v 2.733068 2.134261 -0.195819
v 2.762426 2.147510 -0.195819
v 2.784480 2.170986 -0.195819
v 2.795871 2.201114 -0.195819
v 2.794865 2.233309 -0.195819
v 2.714443 2.214683 -0.195819
v 0.472664 1.885330 -0.170784
v 0.445358 1.910982 -0.170784
v 0.410314 1.924231 -0.170784
v 0.372869 1.923061 -0.170784
v 0.338720 1.907650 -0.170784
v 0.313068 1.880344 -0.170784
v 0.299819 1.845300 -0.170784
v 0.300989 1.807854 -0.170784
v 0.316401 1.773706 -0.170784
v 0.343707 1.748055 -0.170784
v 0.378750 1.734806 -0.170784
v 0.416197 1.735976 -0.170784
v 0.450344 1.751386 -0.170784
v 0.475995 1.778692 -0.170784
v 0.489245 1.813736 -0.170784
v 0.488075 1.851182 -0.170784
v 0.461705 1.877502 -0.195819
v 0.438230 1.899556 -0.195819
v 0.408101 1.910946 -0.195819
v 0.375906 1.909941 -0.195819
v 0.346548 1.896691 -0.195819
v 0.324495 1.873215 -0.195819
v 0.313104 1.843087 -0.195819
v 0.314109 1.810894 -0.195819
v 0.327359 1.781534 -0.195819
v 0.350835 1.759481 -0.195819
v 0.380963 1.748090 -0.195819
v 0.413157 1.749096 -0.195819
v 0.442516 1.762345 -0.195819
v 0.464570 1.785821 -0.195819
v 0.475960 1.815949 -0.195819
v 0.474955 1.848143 -0.195819
v 0.394533 1.829518 -0.195819
v 0.472664 1.885330 0.015637
v 0.445358 1.910982 0.015637
v 0.410314 1.924231 0.015637
v 0.372869 1.923061 0.015637
v 0.338720 1.907650 0.015637
v 0.313068 1.880344 0.015637
v 0.299819 1.845300 0.015637
v 0.300989 1.807854 0.015637
v 0.316401 1.773706 0.015637
v 0.343707 1.748055 0.015637
v 0.378750 1.734806 0.015637
v 0.416197 1.735976 0.015637
v 0.450344 1.751386 0.015637
v 0.475995 1.778692 0.015637
v 0.489245 1.813736 0.015637
v 0.488075 1.851182 0.015637
v 0.461705 1.877502 0.040673
v 0.438230 1.899556 0.040673
v 0.408101 1.910946 0.040673
v 0.375906 1.909941 0.040673
v 0.346548 1.896691 0.040673
v 0.324495 1.873215 0.040673
v 0.313104 1.843087 0.040673
v 0.314109 1.810894 0.040673
v 0.327359 1.781534 0.040673
v 0.350835 1.759481 0.040673
v 0.380963 1.748090 0.040673
v 0.413157 1.749096 0.040673
v 0.442516 1.762345 0.040673
v 0.464570 1.785821 0.040673
v 0.475960 1.815949 0.040673
v 0.474955 1.848143 0.040673
v 0.394533 1.829518 0.040673
vt 0.179990 0.004305
vt 0.172322 0.006045
vt 0.174375 0.012600
vt 0.180968 0.011104
vt 0.165031 0.008991
vt 0.168108 0.015133
vt 0.187837 0.003814
vt 0.187715 0.010682
vt 0.158306 0.013065
vt 0.162326 0.018635
vt 0.152320 0.018163
vt 0.157179 0.023018
vt 0.231522 0.032460
vt 0.227696 0.025591
vt 0.221983 0.029405
vt 0.225272 0.035310
vt 0.222820 0.019423
vt 0.217790 0.024102
vt 0.234200 0.039853
vt 0.227574 0.041666
vt 0.217019 0.014114
vt 0.212803 0.019537
vt 0.210444 0.009802
vt 0.207150 0.015831
vt 0.203263 0.006599
vt 0.200977 0.013076
vt 0.195663 0.004585
vt 0.194442 0.011345
vt 0.147226 0.024153
vt 0.152799 0.028168
vt 0.143157 0.030881
vt 0.149301 0.033952
vt 0.140216 0.038173
vt 0.146773 0.040222
vt 0.203248 0.036991
vt 0.203168 0.043751
vt 0.186217 0.040170
vt 0.200508 0.049965
vt 0.200735 0.030715
vt 0.195672 0.054689
vt 0.196011 0.025879
vt 0.189396 0.057202
vt 0.189797 0.023219
vt 0.182636 0.057122
vt 0.183037 0.023139
vt 0.176422 0.054461
vt 0.176762 0.025652
vt 0.171698 0.049625
vt 0.171926 0.030375
vt 0.169185 0.043350
vt 0.169265 0.036590
vt 0.217019 0.014114
vt 0.212803 0.019538
vt 0.207150 0.015831
vt 0.210444 0.009802
vt 0.200977 0.013076
vt 0.203263 0.006599
vt 0.194442 0.011345
vt 0.195663 0.004585
vt 0.187715 0.010682
vt 0.187837 0.003814
vt 0.180968 0.011104
vt 0.179990 0.004305
vt 0.174375 0.012601
vt 0.172322 0.006046
vt 0.168108 0.015133
vt 0.165031 0.008991
vt 0.162326 0.018635
vt 0.158306 0.013065
vt 0.157179 0.023018
vt 0.152320 0.018163
vt 0.152799 0.028168
vt 0.147226 0.024153
vt 0.149301 0.033952
vt 0.143157 0.030881
vt 0.146773 0.040222
vt 0.140216 0.038173
vt 0.234200 0.039853
vt 0.227574 0.041666
vt 0.225272 0.035310
vt 0.231522 0.032460
vt 0.221983 0.029405
vt 0.227696 0.025591
vt 0.217790 0.024102
vt 0.222820 0.019423
vt 0.200735 0.030715
vt 0.186217 0.040170
vt 0.196011 0.025879
vt 0.189797 0.023219
vt 0.183037 0.023139
vt 0.176762 0.025652
vt 0.171925 0.030376
vt 0.169265 0.036590
vt 0.169185 0.043350
vt 0.171699 0.049625
vt 0.176422 0.054462
vt 0.182637 0.057122
vt 0.189396 0.057202
vt 0.195672 0.054688
vt 0.200508 0.049965
vt 0.203168 0.043750
vt 0.203248 0.036991
vt 0.217019 0.014114
vt 0.212803 0.019538
vt 0.207150 0.015831
vt 0.210444 0.009802
vt 0.200977 0.013076
vt 0.203263 0.006599
vt 0.194442 0.011345
vt 0.195663 0.004585
vt 0.187715 0.010682
vt 0.187837 0.003814
vt 0.180968 0.011104
vt 0.179990 0.004305
vt 0.174375 0.012601
vt 0.172322 0.006046
vt 0.168108 0.015133
vt 0.165031 0.008991
vt 0.162326 0.018635
vt 0.158306 0.013065
vt 0.157179 0.023018
vt 0.152320 0.018163
vt 0.152799 0.028168
vt 0.147226 0.024153
vt 0.149301 0.033952
vt 0.143157 0.030881
vt 0.146773 0.040222
vt 0.140216 0.038173
vt 0.234200 0.039853
vt 0.227574 0.041667
vt 0.225272 0.035310
vt 0.231522 0.032460
vt 0.221983 0.029405
vt 0.227696 0.025591
vt 0.217790 0.024102
vt 0.222820 0.019423
vt 0.200735 0.030715
vt 0.186217 0.040170
vt 0.196011 0.025879
vt 0.189797 0.023219
vt 0.183037 0.023139
vt 0.176761 0.025652
vt 0.171925 0.030376
vt 0.169265 0.036590
vt 0.169185 0.043350
vt 0.171699 0.049625
vt 0.176422 0.054462
vt 0.182637 0.057122
vt 0.189396 0.057202
vt 0.195672 0.054689
vt 0.200508 0.049965
vt 0.203168 0.043750
vt 0.203248 0.036991
vt 0.210444 0.009803
vt 0.207151 0.015831
vt 0.200977 0.013076
vt 0.203264 0.006599
vt 0.194442 0.011345
vt 0.195663 0.004585
vt 0.187715 0.010682
vt 0.187838 0.003814
vt 0.180968 0.011104
vt 0.179990 0.004305
vt 0.174376 0.012601
vt 0.172322 0.006045
vt 0.168108 0.015133
vt 0.165032 0.008991
vt 0.162326 0.018635
vt 0.158306 0.013065
vt 0.157179 0.023018
vt 0.152320 0.018162
vt 0.152800 0.028168
vt 0.147226 0.024152
vt 0.149301 0.033952
vt 0.143157 0.030880
vt 0.146773 0.040222
vt 0.140216 0.038173
vt 0.234200 0.039854
vt 0.227574 0.041667
vt 0.225272 0.035311
vt 0.231522 0.032461
vt 0.221983 0.029405
vt 0.227696 0.025592
vt 0.217791 0.024102
vt 0.222820 0.019423
vt 0.212804 0.019538
vt 0.217020 0.014115
vt 0.200735 0.030715
vt 0.186217 0.040170
vt 0.196011 0.025879
vt 0.189797 0.023219
vt 0.183037 0.023139
vt 0.176762 0.025652
vt 0.171925 0.030376
vt 0.169265 0.036590
vt 0.169185 0.043350
vt 0.171699 0.049625
vt 0.176422 0.054462
vt 0.182637 0.057122
vt 0.189396 0.057202
vt 0.195672 0.054688
vt 0.200508 0.049965
vt 0.203168 0.043750
vt 0.203248 0.036991
vn 0.716612 0.511895 0.473741
vn 0.466163 0.747169 0.473741
vn 0.466164 0.747168 0.473742
vn 0.716610 0.511898 0.473741
vn 0.144752 0.868683 0.473747
vn 0.144751 0.868683 0.473747
vn -0.198695 0.857955 0.473745
vn -0.198699 0.857954 0.473745
vn -0.511904 0.716606 0.473740
vn -0.511904 0.716606 0.473740
vn -0.747163 0.466165 0.473749
vn -0.747163 0.466165 0.473749
vn -0.868682 0.144753 0.473749
vn -0.868681 0.144758 0.473749
vn -0.857950 -0.198704 0.473749
vn -0.857952 -0.198698 0.473749
vn -0.716606 -0.511903 0.473741
vn -0.716608 -0.511902 0.473741
vn -0.466167 -0.747175 0.473728
vn -0.466167 -0.747175 0.473728
vn -0.144756 -0.868691 0.473732
vn -0.144759 -0.868690 0.473733
vn 0.198696 -0.857953 0.473747
vn 0.198690 -0.857955 0.473747
vn 0.511898 -0.716608 0.473744
vn 0.511898 -0.716608 0.473744
vn 0.747166 -0.466170 0.473739
vn 0.747167 -0.466168 0.473739
vn 0.868682 -0.144760 0.473747
vn 0.868682 -0.144762 0.473747
vn 0.857950 0.198693 0.473754
vn 0.857950 0.198695 0.473754
vn 0.000000 0.000000 1.000000
vn 0.000000 0.000000 1.000000
vn -0.000000 0.000000 1.000000
vn -0.000000 0.000000 1.000000
vn -0.000000 0.000000 1.000000
vn 0.000000 0.000000 1.000000
vn 0.000000 0.000000 1.000000
vn 0.000000 0.000000 1.000000
vn 0.000000 0.000000 1.000000
vn 0.000000 0.000000 1.000000
vn 0.000000 0.000000 1.000000
vn 0.000000 0.000000 1.000000
vn 0.000000 0.000000 1.000000
vn -0.000000 0.000000 1.000000
vn -0.000000 0.000000 1.000000
vn -0.000000 0.000000 1.000000
vn -0.000000 0.000000 1.000000
vn 0.716612 0.511896 -0.473740
vn 0.716610 0.511898 -0.473740
vn 0.466164 0.747168 -0.473741
vn 0.466163 0.747169 -0.473741
vn 0.144752 0.868687 -0.473740
vn 0.144753 0.868687 -0.473740
vn -0.198699 0.857957 -0.473738
vn -0.198695 0.857958 -0.473738
vn -0.511900 0.716605 -0.473746
vn -0.511900 0.716605 -0.473746
vn -0.747163 0.466165 -0.473749
vn -0.747163 0.466165 -0.473749
vn -0.868684 0.144758 -0.473745
vn -0.868684 0.144754 -0.473745
vn -0.857952 -0.198701 -0.473748
vn -0.857950 -0.198707 -0.473748
vn -0.716607 -0.511901 -0.473741
vn -0.716606 -0.511903 -0.473741
vn -0.466167 -0.747175 -0.473728
vn -0.466167 -0.747175 -0.473728
vn -0.144759 -0.868692 -0.473730
vn -0.144756 -0.868692 -0.473730
vn 0.198691 -0.857957 -0.473743
vn 0.198696 -0.857956 -0.473743
vn 0.511899 -0.716607 -0.473745
vn 0.511899 -0.716606 -0.473745
vn 0.747167 -0.466164 -0.473743
vn 0.747166 -0.466166 -0.473743
vn 0.868681 -0.144762 -0.473747
vn 0.868682 -0.144760 -0.473747
vn 0.857950 0.198692 -0.473754
vn 0.857951 0.198690 -0.473754
vn -0.000000 0.000000 -1.000000
vn 0.000000 0.000000 -1.000000
vn 0.000000 0.000000 -1.000000
vn 0.000000 0.000000 -1.000000
vn -0.000000 0.000000 -1.000000
vn -0.000000 0.000000 -1.000000
vn 0.000000 0.000000 -1.000000
vn -0.000000 0.000000 -1.000000
vn -0.000000 0.000000 -1.000000
vn 0.000000 0.000000 -1.000000
vn -0.000000 0.000000 -1.000000
vn -0.000000 0.000000 -1.000000
vn 0.000000 0.000000 -1.000000
vn 0.000000 0.000000 -1.000000
vn 0.000000 0.000000 -1.000000
vn 0.000000 0.000000 -1.000000
vn 0.000000 0.000000 -1.000000
vn 0.716614 0.511894 -0.473739
vn 0.716612 0.511897 -0.473739
vn 0.466164 0.747169 -0.473740
vn 0.466162 0.747170 -0.473740
vn 0.144752 0.868684 -0.473745
vn 0.144752 0.868684 -0.473745
vn -0.198699 0.857953 -0.473746
vn -0.198695 0.857954 -0.473746
vn -0.511901 0.716607 -0.473742
vn -0.511901 0.716607 -0.473742
vn -0.747163 0.466168 -0.473746
vn -0.747163 0.466168 -0.473746
vn -0.868683 0.144756 -0.473747
vn -0.868683 0.144752 -0.473747
vn -0.857952 -0.198699 -0.473748
vn -0.857951 -0.198705 -0.473748
vn -0.716609 -0.511903 -0.473738
vn -0.716607 -0.511904 -0.473738
vn -0.466168 -0.747175 -0.473726
vn -0.466168 -0.747176 -0.473726
vn -0.144759 -0.868693 -0.473727
vn -0.144757 -0.868693 -0.473727
vn 0.198690 -0.857957 -0.473743
vn 0.198695 -0.857956 -0.473743
vn 0.511897 -0.716607 -0.473746
vn 0.511898 -0.716607 -0.473746
vn 0.747167 -0.466167 -0.473740
vn 0.747166 -0.466169 -0.473740
vn 0.868682 -0.144761 -0.473747
vn 0.868682 -0.144759 -0.473747
vn 0.857951 0.198695 -0.473752
vn 0.857951 0.198694 -0.473752
vn -0.000000 0.000000 -1.000000
vn 0.000000 0.000000 -1.000000
vn 0.000000 0.000000 -1.000000
vn 0.000000 0.000000 -1.000000
vn -0.000000 0.000000 -1.000000
vn -0.000000 0.000000 -1.000000
vn 0.000000 0.000000 -1.000000
vn -0.000000 0.000000 -1.000000
vn -0.000000 0.000000 -1.000000
vn 0.000000 0.000000 -1.000000
vn -0.000000 0.000000 -1.000000
vn -0.000000 0.000000 -1.000000
vn 0.000000 0.000000 -1.000000
vn 0.000000 0.000000 -1.000000
vn 0.000000 0.000000 -1.000000
vn 0.000000 0.000000 -1.000000
vn 0.000000 0.000000 -1.000000
vn 0.716613 0.511893 0.473741
vn 0.466162 0.747169 0.473743
vn 0.466163 0.747168 0.473743
vn 0.716612 0.511896 0.473741
vn 0.144752 0.868683 0.473747
vn 0.144751 0.868683 0.473747
vn -0.198695 0.857954 0.473746
vn -0.198699 0.857953 0.473746
vn -0.511901 0.716606 0.473743
vn -0.511901 0.716606 0.473743
vn -0.747162 0.466167 0.473747
vn -0.747162 0.466168 0.473747
vn -0.868684 0.144752 0.473746
vn -0.868683 0.144756 0.473746
vn -0.857951 -0.198705 0.473748
vn -0.857952 -0.198699 0.473748
vn -0.716607 -0.511903 0.473740
vn -0.716608 -0.511902 0.473740
vn -0.466167 -0.747175 0.473727
vn -0.466167 -0.747175 0.473727
vn -0.144757 -0.868693 0.473728
vn -0.144759 -0.868692 0.473728
vn 0.198696 -0.857956 0.473742
vn 0.198690 -0.857957 0.473742
vn 0.511898 -0.716608 0.473745
vn 0.511897 -0.716608 0.473745
vn 0.747165 -0.466169 0.473741
vn 0.747167 -0.466167 0.473741
vn 0.868682 -0.144758 0.473747
vn 0.868682 -0.144760 0.473747
vn 0.857951 0.198693 0.473752
vn 0.857951 0.198695 0.473752
vn 0.000000 0.000000 1.000000
vn 0.000000 0.000000 1.000000
vn 0.000000 0.000000 1.000000
vn 0.000000 0.000000 1.000000
vn 0.000000 0.000000 1.000000
vn 0.000000 0.000000 1.000000
vn 0.000000 0.000000 1.000000
vn -0.000000 0.000000 1.000000
vn -0.000000 0.000000 1.000000
vn 0.000000 0.000000 1.000000
vn 0.000000 0.000000 1.000000
vn 0.000000 0.000000 1.000000
vn 0.000000 0.000000 1.000000
vn 0.000000 0.000000 1.000000
vn 0.000000 0.000000 1.000000
vn 0.000000 0.000000 1.000000
vn -0.000000 0.000000 1.000000
s 1
g knife_lowpoly fastenings_low
usemtl aiStandardSurface1SG
f 649/1117/1393 650/1119/1394 633/1120/1395 632/1118/1396
f 650/1119/1394 651/1121/1397 634/1122/1398 633/1120/1395
f 651/1121/1397 652/1123/1399 635/1124/1400 634/1122/1398
f 652/1123/1399 653/1103/1401 636/1104/1402 635/1124/1400
f 653/1103/1401 654/1097/1403 637/1100/1404 636/1104/1402
f 654/1097/1403 655/1098/1405 638/1099/1406 637/1100/1404
f 655/1098/1405 656/1101/1407 639/1102/1408 638/1099/1406
f 656/1101/1407 657/1105/1409 640/1106/1410 639/1102/1408
f 657/1105/1409 658/1107/1411 641/1108/1412 640/1106/1410
f 658/1107/1411 659/1125/1413 642/1126/1414 641/1108/1412
f 659/1125/1413 660/1127/1415 643/1128/1416 642/1126/1414
f 660/1127/1415 661/1129/1417 644/1130/1418 643/1128/1416
f 661/1115/1417 662/1109/1419 645/1112/1420 644/1116/1418
f 662/1109/1419 663/1110/1421 646/1111/1422 645/1112/1420
f 663/1110/1421 664/1113/1423 647/1114/1424 646/1111/1422
f 664/1113/1423 649/1117/1393 632/1118/1396 647/1114/1424
s 2
f 632/1131/1425 633/1132/1426 648/1133/1427
f 633/1132/1426 634/1134/1428 648/1133/1427
f 634/1134/1428 635/1136/1429 648/1133/1427
f 635/1136/1429 636/1138/1430 648/1133/1427
f 636/1138/1430 637/1140/1431 648/1133/1427
f 637/1140/1431 638/1142/1432 648/1133/1427
f 638/1142/1432 639/1144/1433 648/1133/1427
f 639/1144/1433 640/1146/1434 648/1133/1427
f 640/1146/1434 641/1147/1435 648/1133/1427
f 641/1147/1435 642/1145/1436 648/1133/1427
f 642/1145/1436 643/1143/1437 648/1133/1427
f 643/1143/1437 644/1141/1438 648/1133/1427
f 644/1141/1438 645/1139/1439 648/1133/1427
f 645/1139/1439 646/1137/1440 648/1133/1427
f 646/1137/1440 647/1135/1441 648/1133/1427
f 647/1135/1441 632/1131/1425 648/1133/1427
s 3
f 665/1148/1442 681/1149/1443 682/1150/1444 666/1151/1445
f 666/1151/1445 682/1150/1444 683/1152/1446 667/1153/1447
f 667/1153/1447 683/1152/1446 684/1154/1448 668/1155/1449
f 668/1155/1449 684/1154/1448 685/1156/1450 669/1157/1451
f 669/1157/1451 685/1156/1450 686/1158/1452 670/1159/1453
f 670/1159/1453 686/1158/1452 687/1160/1454 671/1161/1455
f 671/1161/1455 687/1160/1454 688/1162/1456 672/1163/1457
f 672/1163/1457 688/1162/1456 689/1164/1458 673/1165/1459
f 673/1165/1459 689/1164/1458 690/1166/1460 674/1167/1461
f 674/1167/1461 690/1166/1460 691/1168/1462 675/1169/1463
f 675/1169/1463 691/1168/1462 692/1170/1464 676/1171/1465
f 676/1171/1465 692/1170/1464 693/1172/1466 677/1173/1467
f 677/1174/1467 693/1175/1466 694/1176/1468 678/1177/1469
f 678/1177/1469 694/1176/1468 695/1178/1470 679/1179/1471
f 679/1179/1471 695/1178/1470 696/1180/1472 680/1181/1473
f 680/1181/1473 696/1180/1472 681/1149/1443 665/1148/1442
s 4
f 681/1182/1474 697/1183/1475 682/1184/1476
f 682/1184/1476 697/1183/1475 683/1185/1477
f 683/1185/1477 697/1183/1475 684/1186/1478
f 684/1186/1478 697/1183/1475 685/1187/1479
f 685/1187/1479 697/1183/1475 686/1188/1480
f 686/1188/1480 697/1183/1475 687/1189/1481
f 687/1189/1481 697/1183/1475 688/1190/1482
f 688/1190/1482 697/1183/1475 689/1191/1483
f 689/1191/1483 697/1183/1475 690/1192/1484
f 690/1192/1484 697/1183/1475 691/1193/1485
f 691/1193/1485 697/1183/1475 692/1194/1486
f 692/1194/1486 697/1183/1475 693/1195/1487
f 693/1195/1487 697/1183/1475 694/1196/1488
f 694/1196/1488 697/1183/1475 695/1197/1489
f 695/1197/1489 697/1183/1475 696/1198/1490
f 696/1198/1490 697/1183/1475 681/1182/1474
s 5
f 698/1199/1491 714/1200/1492 715/1201/1493 699/1202/1494
f 699/1202/1494 715/1201/1493 716/1203/1495 700/1204/1496
f 700/1204/1496 716/1203/1495 717/1205/1497 701/1206/1498
f 701/1206/1498 717/1205/1497 718/1207/1499 702/1208/1500
f 702/1208/1500 718/1207/1499 719/1209/1501 703/1210/1502
f 703/1210/1502 719/1209/1501 720/1211/1503 704/1212/1504
f 704/1212/1504 720/1211/1503 721/1213/1505 705/1214/1506
f 705/1214/1506 721/1213/1505 722/1215/1507 706/1216/1508
f 706/1216/1508 722/1215/1507 723/1217/1509 707/1218/1510
f 707/1218/1510 723/1217/1509 724/1219/1511 708/1220/1512
f 708/1220/1512 724/1219/1511 725/1221/1513 709/1222/1514
f 709/1222/1514 725/1221/1513 726/1223/1515 710/1224/1516
f 710/1225/1516 726/1226/1515 727/1227/1517 711/1228/1518
f 711/1228/1518 727/1227/1517 728/1229/1519 712/1230/1520
f 712/1230/1520 728/1229/1519 729/1231/1521 713/1232/1522
f 713/1232/1522 729/1231/1521 714/1200/1492 698/1199/1491
s 6
f 714/1233/1523 730/1234/1524 715/1235/1525
f 715/1235/1525 730/1234/1524 716/1236/1526
f 716/1236/1526 730/1234/1524 717/1237/1527
f 717/1237/1527 730/1234/1524 718/1238/1528
f 718/1238/1528 730/1234/1524 719/1239/1529
f 719/1239/1529 730/1234/1524 720/1240/1530
f 720/1240/1530 730/1234/1524 721/1241/1531
f 721/1241/1531 730/1234/1524 722/1242/1532
f 722/1242/1532 730/1234/1524 723/1243/1533
f 723/1243/1533 730/1234/1524 724/1244/1534
f 724/1244/1534 730/1234/1524 725/1245/1535
f 725/1245/1535 730/1234/1524 726/1246/1536
f 726/1246/1536 730/1234/1524 727/1247/1537
f 727/1247/1537 730/1234/1524 728/1248/1538
f 728/1248/1538 730/1234/1524 729/1249/1539
f 729/1249/1539 730/1234/1524 714/1233/1523
s 7
f 731/1250/1540 732/1253/1541 748/1252/1542 747/1251/1543
f 732/1253/1541 733/1255/1544 749/1254/1545 748/1252/1542
f 733/1255/1544 734/1257/1546 750/1256/1547 749/1254/1545
f 734/1257/1546 735/1259/1548 751/1258/1549 750/1256/1547
f 735/1259/1548 736/1261/1550 752/1260/1551 751/1258/1549
f 736/1261/1550 737/1263/1552 753/1262/1553 752/1260/1551
f 737/1263/1552 738/1265/1554 754/1264/1555 753/1262/1553
f 738/1265/1554 739/1267/1556 755/1266/1557 754/1264/1555
f 739/1267/1556 740/1269/1558 756/1268/1559 755/1266/1557
f 740/1269/1558 741/1271/1560 757/1270/1561 756/1268/1559
f 741/1271/1560 742/1273/1562 758/1272/1563 757/1270/1561
f 742/1274/1562 743/1277/1564 759/1276/1565 758/1275/1563
f 743/1277/1564 744/1279/1566 760/1278/1567 759/1276/1565
f 744/1279/1566 745/1281/1568 761/1280/1569 760/1278/1567
f 745/1281/1568 746/1283/1570 762/1282/1571 761/1280/1569
f 746/1283/1570 731/1250/1540 747/1251/1543 762/1282/1571
s 8
f 747/1284/1572 748/1286/1573 763/1285/1574
f 748/1286/1573 749/1287/1575 763/1285/1574
f 749/1287/1575 750/1288/1576 763/1285/1574
f 750/1288/1576 751/1289/1577 763/1285/1574
f 751/1289/1577 752/1290/1578 763/1285/1574
f 752/1290/1578 753/1291/1579 763/1285/1574
f 753/1291/1579 754/1292/1580 763/1285/1574
f 754/1292/1580 755/1293/1581 763/1285/1574
f 755/1293/1581 756/1294/1582 763/1285/1574
f 756/1294/1582 757/1295/1583 763/1285/1574
f 757/1295/1583 758/1296/1584 763/1285/1574
f 758/1296/1584 759/1297/1585 763/1285/1574
f 759/1297/1585 760/1298/1586 763/1285/1574
f 760/1298/1586 761/1299/1587 763/1285/1574
f 761/1299/1587 762/1300/1588 763/1285/1574
f 762/1300/1588 747/1284/1572 763/1285/1574
g default
v 2.948901 2.504640 -0.047627
v 3.076189 2.494107 -0.047627
v 3.098660 2.765646 -0.047627
v 2.964648 2.694916 -0.047627
v 2.898544 2.764246 -0.047627
v 2.849375 2.676516 -0.047627
v 2.508643 2.682762 -0.047627
v 2.461621 2.596850 -0.047627
v 2.060881 2.559195 -0.047627
v 2.227970 2.548060 -0.047627
v 2.847417 1.922662 -0.047627
v 2.861758 1.674169 -0.047627
v 2.992131 1.721108 -0.047627
v 3.017226 1.943233 -0.047627
v 2.655114 1.877209 -0.047627
v 2.754259 1.770329 -0.047627
v 2.957838 2.503501 -0.032195
v 3.067228 2.494957 -0.032195
v 3.088879 2.756578 -0.032195
v 2.974564 2.705612 -0.032195
v 2.899506 2.755253 -0.032195
v 2.847759 2.685372 -0.032195
v 2.510681 2.673994 -0.032195
v 2.460084 2.605723 -0.032195
v 2.118247 2.564596 -0.032195
v 2.227620 2.557100 -0.032195
v 2.855311 1.922591 -0.032195
v 2.863759 1.684455 -0.032195
v 2.983817 1.727680 -0.032195
v 3.008280 1.944217 -0.032195
v 2.673515 1.872907 -0.032195
v 2.760247 1.777048 -0.032195
v 2.948901 2.504640 -0.109570
v 3.076189 2.494107 -0.109570
v 3.098660 2.765646 -0.109570
v 2.964648 2.694916 -0.109570
v 2.898544 2.764246 -0.109570
v 2.849375 2.676516 -0.109570
v 2.508643 2.682762 -0.109570
v 2.461621 2.596850 -0.109570
v 2.060881 2.559195 -0.109570
v 2.227970 2.548060 -0.109570
v 2.847417 1.922662 -0.109570
v 2.861758 1.674169 -0.109570
v 2.992131 1.721108 -0.109570
v 3.017226 1.943233 -0.109570
v 2.655114 1.877209 -0.109570
v 2.754259 1.770329 -0.109570
v 2.957838 2.503501 -0.125002
v 3.067228 2.494957 -0.125002
v 3.088879 2.756578 -0.125002
v 2.974564 2.705612 -0.125002
v 2.899506 2.755253 -0.125002
v 2.847759 2.685372 -0.125002
v 2.510681 2.673994 -0.125002
v 2.460084 2.605723 -0.125002
v 2.118247 2.564596 -0.125002
v 2.227620 2.557100 -0.125002
v 2.855311 1.922591 -0.125002
v 2.863759 1.684455 -0.125002
v 2.983817 1.727680 -0.125002
v 3.008280 1.944217 -0.125002
v 2.673515 1.872907 -0.125002
v 2.760247 1.777048 -0.125002
vt 0.671834 0.382765
vt 0.671771 0.325467
vt 0.687295 0.325450
vt 0.687361 0.382748
vt 0.667525 0.380699
vt 0.667466 0.325466
vt 0.671615 0.208949
vt 0.687190 0.208931
vt 0.691600 0.325439
vt 0.691665 0.380672
vt 0.667309 0.208939
vt 0.671654 0.162430
vt 0.687048 0.162413
vt 0.691496 0.208912
vt 0.667356 0.162586
vt 0.691346 0.162559
vt 0.653947 0.249008
vt 0.654150 0.289146
vt 0.638661 0.289235
vt 0.638403 0.249098
vt 0.653251 0.124882
vt 0.658249 0.249023
vt 0.658465 0.291530
vt 0.634374 0.291668
vt 0.634101 0.249162
vt 0.637672 0.124971
vt 0.657361 0.124998
vt 0.633564 0.125135
vt 0.742248 0.102198
vt 0.742214 0.060248
vt 0.757747 0.060246
vt 0.757720 0.102197
vt 0.742245 0.185752
vt 0.737955 0.102249
vt 0.737908 0.062325
vt 0.762054 0.062323
vt 0.762013 0.102247
vt 0.757738 0.185750
vt 0.742251 0.283232
vt 0.737950 0.185769
vt 0.762033 0.185767
vt 0.757747 0.283230
vt 0.737850 0.271322
vt 0.762146 0.271320
vt 0.721861 0.073851
vt 0.721865 0.098364
vt 0.706366 0.098358
vt 0.706389 0.073845
vt 0.726157 0.071441
vt 0.726163 0.098348
vt 0.721835 0.181457
vt 0.706333 0.181451
vt 0.702069 0.098339
vt 0.702095 0.071432
vt 0.726132 0.181401
vt 0.721789 0.231504
vt 0.706341 0.231499
vt 0.702036 0.181392
vt 0.726071 0.231379
vt 0.721827 0.266588
vt 0.706277 0.266582
vt 0.702059 0.231370
vt 0.726148 0.254628
vt 0.701965 0.254619
vt 0.671632 0.134277
vt 0.687007 0.134259
vt 0.667403 0.134332
vt 0.671524 0.104391
vt 0.687049 0.104374
vt 0.691236 0.134305
vt 0.667224 0.104372
vt 0.671276 0.073921
vt 0.687228 0.073903
vt 0.691348 0.104345
vt 0.666836 0.077303
vt 0.691676 0.077275
vt 0.652908 0.083583
vt 0.637540 0.083671
vt 0.657080 0.086977
vt 0.633408 0.087113
vt 0.811490 0.067593
vt 0.834555 0.067459
vt 0.834487 0.012364
vt 0.811469 0.025025
vt 0.801982 0.191290
vt 0.833385 0.183395
vt 0.794902 0.015956
vt 0.785302 0.031477
vt 0.808145 0.240890
vt 0.832637 0.229484
vt 0.714999 0.039756
vt 0.705611 0.054921
vt 0.764839 0.204879
vt 0.784788 0.223176
vt 0.634834 0.069505
vt 0.657841 0.069158
vt 0.811488 0.067610
vt 0.811399 0.025041
vt 0.834396 0.012343
vt 0.834553 0.067438
vt 0.785242 0.031536
vt 0.794816 0.015999
vt 0.833571 0.183375
vt 0.802181 0.191321
vt 0.705589 0.055108
vt 0.714952 0.039928
vt 0.832898 0.229465
vt 0.808424 0.240911
vt 0.657842 0.069423
vt 0.634835 0.069807
vt 0.765060 0.204971
vt 0.785038 0.223235
vn 0.000000 0.000000 1.000000
vn 0.000000 0.000000 1.000000
vn 0.000000 0.000000 1.000000
vn 0.000000 0.000000 1.000000
vn 0.000000 0.000000 1.000000
vn 0.000000 0.000000 1.000000
vn -0.000000 0.000000 1.000000
vn -0.000000 0.000000 1.000000
vn -0.000000 0.000000 1.000000
vn -0.000000 0.000000 1.000000
vn 0.000000 -0.000000 1.000000
vn 0.000000 -0.000000 1.000000
vn 0.000000 -0.000000 1.000000
vn 0.000000 -0.000000 1.000000
vn 0.000000 0.000000 1.000000
vn 0.000000 0.000000 1.000000
vn 0.992863 -0.082164 0.086447
vn 0.988566 -0.097905 0.114681
vn 0.988566 -0.097905 -0.114681
vn 0.992863 -0.082164 -0.086447
vn -0.982493 0.149197 0.111571
vn -0.985837 0.081583 0.146523
vn -0.985837 0.081583 -0.146524
vn -0.982493 0.149197 -0.111571
vn -0.138444 0.983952 0.112572
vn -0.006970 0.996287 0.085807
vn -0.006970 0.996287 -0.085807
vn -0.138444 0.983952 -0.112572
vn -0.236105 0.964868 0.115259
vn -0.236105 0.964868 -0.115259
vn -0.265953 0.963488 0.030978
vn -0.265953 0.963488 -0.030979
vn 0.094971 -0.989777 0.106405
vn -0.066507 -0.997454 0.025722
vn -0.066507 -0.997454 -0.025722
vn 0.094971 -0.989777 -0.106404
vn 0.337180 -0.936513 0.096194
vn 0.337159 -0.936455 0.096832
vn 0.337159 -0.936455 -0.096832
vn 0.337180 -0.936513 -0.096194
vn 0.987530 -0.107383 0.115124
vn 0.988855 -0.111717 0.098415
vn 0.988855 -0.111717 -0.098415
vn 0.987530 -0.107383 -0.115124
vn -0.696316 -0.708330 0.115808
vn -0.731407 -0.677500 0.077706
vn -0.731407 -0.677500 -0.077706
vn -0.696317 -0.708330 -0.115808
vn -0.663458 -0.741692 0.098577
vn -0.663458 -0.741692 -0.098577
vn -0.231788 0.971886 0.041384
vn -0.233100 0.969095 0.080746
vn -0.233100 0.969095 -0.080746
vn -0.231788 0.971886 -0.041383
vn -0.979731 0.171044 0.104260
vn -0.979731 0.171044 -0.104260
vn 0.860885 -0.071242 0.503788
vn 0.859602 -0.085201 0.503810
vn -0.864733 0.131469 0.484720
vn -0.860885 0.071242 0.503788
vn -0.121010 0.854340 0.505430
vn -0.006043 0.863809 0.503783
vn 0.189954 -0.974778 0.117156
vn 0.155874 -0.976555 0.148473
vn 0.136158 -0.853034 0.503780
vn 0.164957 -0.847894 0.503849
vn -0.203454 0.832030 0.516074
vn 0.201109 -0.972785 0.115084
vn 0.174985 -0.846293 0.503158
vn -0.227147 0.819214 0.526586
vn 0.091772 -0.856566 0.507811
vn -0.057886 -0.858935 0.508802
vn 0.292623 -0.812759 0.503781
vn 0.292623 -0.812759 0.503781
vn 0.858768 -0.093371 0.503785
vn 0.858373 -0.096974 0.503778
vn -0.599952 -0.607314 0.520794
vn -0.622135 -0.570390 0.536286
vn -0.575918 -0.643829 0.503788
vn -0.232823 0.915519 0.328053
vn -0.232823 0.915519 0.328053
vn -0.865252 0.151795 0.477805
vn 0.000000 -0.000000 -1.000000
vn -0.000000 0.000000 -1.000000
vn 0.000000 -0.000000 -1.000000
vn 0.000000 -0.000000 -1.000000
vn -0.000000 0.000000 -1.000000
vn -0.000000 0.000000 -1.000000
vn -0.000000 0.000000 -1.000000
vn -0.000000 0.000000 -1.000000
vn -0.000000 0.000000 -1.000000
vn -0.000000 0.000000 -1.000000
vn 0.000000 -0.000000 -1.000000
vn 0.000000 -0.000000 -1.000000
vn 0.000000 0.000000 -1.000000
vn 0.000000 -0.000000 -1.000000
vn 0.000000 -0.000000 -1.000000
vn 0.000000 -0.000000 -1.000000
vn 0.189954 -0.974778 -0.117156
vn 0.155874 -0.976555 -0.148473
vn 0.201109 -0.972785 -0.115084
vn 0.859602 -0.085200 -0.503810
vn 0.860885 -0.071242 -0.503788
vn -0.860884 0.071242 -0.503788
vn -0.864733 0.131468 -0.484720
vn -0.006043 0.863809 -0.503784
vn -0.121010 0.854340 -0.505430
vn 0.164957 -0.847894 -0.503849
vn 0.136159 -0.853034 -0.503779
vn -0.203454 0.832029 -0.516075
vn 0.174985 -0.846293 -0.503158
vn -0.227147 0.819212 -0.526589
vn -0.057886 -0.858936 -0.508800
vn 0.091772 -0.856566 -0.507811
vn 0.292624 -0.812758 -0.503781
vn 0.292624 -0.812758 -0.503781
vn 0.858372 -0.096975 -0.503778
vn 0.858768 -0.093371 -0.503785
vn -0.622136 -0.570390 -0.536286
vn -0.599952 -0.607314 -0.520794
vn -0.575918 -0.643829 -0.503788
vn -0.232823 0.915519 -0.328053
vn -0.232823 0.915519 -0.328053
vn -0.865252 0.151795 -0.477805
s 1
g knife_lowpoly mount_low
usemtl aiStandardSurface1SG
f 780/1381/1589 781/1382/1590 782/1383/1591 783/1384/1592
f 783/1384/1592 782/1383/1591 784/1387/1593 785/1388/1594
f 785/1388/1594 784/1387/1593 786/1391/1595 787/1392/1596
f 787/1392/1596 786/1391/1595 788/1395/1597 789/1396/1598
f 790/1385/1599 791/1389/1600 792/1390/1601 793/1386/1602
f 794/1393/1603 795/1394/1604 791/1389/1600 790/1385/1599
s 3
f 766/1301/1605 765/1302/1606 797/1303/1607 798/1304/1608
s 4
f 764/1317/1609 767/1318/1610 799/1319/1611 796/1320/1612
s 5
f 768/1329/1613 766/1330/1614 798/1331/1615 800/1332/1616
f 770/1333/1617 768/1329/1613 800/1332/1616 802/1338/1618
f 772/1339/1619 770/1333/1617 802/1338/1618 804/1342/1620
s 6
f 773/1356/1621 772/1360/1622 804/1361/1623 805/1357/1624
s 7
f 776/1312/1625 775/1365/1626 807/1366/1627 808/1313/1628
s 3
f 777/1307/1629 776/1312/1630 808/1313/1631 809/1308/1632
s 9
f 779/1368/1633 778/1372/1634 810/1373/1635 811/1369/1636
f 775/1365/1637 779/1368/1633 811/1369/1636 807/1366/1638
s 10
f 778/1377/1639 774/1321/1640 806/1326/1641 810/1378/1642
s 1
f 781/1382/1590 780/1381/1589 790/1385/1599 793/1386/1602
s 4
f 774/1321/1643 764/1317/1609 796/1320/1612 806/1326/1644
s 3
f 765/1302/1606 766/1301/1605 782/1305/1645 781/1306/1646
s 4
f 767/1318/1610 764/1317/1609 780/1322/1647 783/1323/1648
s 5
f 766/1330/1614 768/1329/1613 784/1334/1649 782/1335/1650
s 6
f 769/1346/1651 767/1345/1652 783/1349/1653 785/1350/1654
s 5
f 768/1329/1613 770/1333/1617 786/1340/1655 784/1334/1649
s 6
f 771/1351/1656 769/1346/1651 785/1350/1654 787/1355/1657
s 5
f 770/1333/1617 772/1339/1619 788/1343/1658 786/1340/1655
s 6
f 772/1360/1622 773/1356/1621 789/1359/1659 788/1363/1660
f 773/1356/1621 771/1351/1656 787/1355/1657 789/1359/1659
s 7
f 775/1365/1626 776/1312/1625 792/1315/1661 791/1367/1662
s 3
f 776/1312/1630 777/1307/1629 793/1311/1663 792/1315/1664
s 9
f 778/1372/1634 779/1368/1633 795/1371/1665 794/1375/1666
f 779/1368/1633 775/1365/1637 791/1367/1667 795/1371/1665
s 10
f 774/1321/1640 778/1377/1639 794/1379/1668 790/1327/1669
s 4
f 764/1317/1609 774/1321/1643 790/1327/1670 780/1322/1647
s 3
f 777/1307/1629 765/1302/1606 781/1306/1646 793/1311/1663
s 12
f 812/1397/1671 815/1398/1672 814/1399/1673 813/1400/1674
f 815/1398/1672 817/1401/1675 816/1402/1676 814/1399/1673
f 817/1401/1675 819/1405/1677 818/1406/1678 816/1402/1676
f 819/1405/1677 821/1409/1679 820/1410/1680 818/1406/1678
f 822/1404/1681 825/1403/1682 824/1407/1683 823/1408/1684
f 826/1411/1685 822/1404/1681 823/1408/1684 827/1412/1686
s 6
f 769/1346/1651 801/1347/1687 799/1348/1688 767/1345/1652
f 771/1351/1656 803/1352/1689 801/1347/1687 769/1346/1651
f 773/1356/1621 805/1357/1624 803/1352/1689 771/1351/1656
s 3
f 777/1307/1629 809/1308/1632 797/1303/1607 765/1302/1606
s 12
f 813/1400/1674 825/1403/1682 822/1404/1681 812/1397/1671
s 3
f 797/1303/1607 813/1309/1690 814/1310/1691 798/1304/1608
s 4
f 799/1319/1611 815/1324/1692 812/1325/1693 796/1320/1612
s 5
f 798/1331/1615 814/1336/1694 816/1337/1695 800/1332/1616
s 6
f 801/1347/1687 817/1353/1696 815/1354/1697 799/1348/1688
s 5
f 800/1332/1616 816/1337/1695 818/1341/1698 802/1338/1618
s 6
f 803/1352/1689 819/1358/1699 817/1353/1696 801/1347/1687
s 5
f 802/1338/1618 818/1341/1698 820/1344/1700 804/1342/1620
s 6
f 804/1361/1623 820/1364/1701 821/1362/1702 805/1357/1624
f 805/1357/1624 821/1362/1702 819/1358/1699 803/1352/1689
s 7
f 807/1366/1627 823/1370/1703 824/1316/1704 808/1313/1628
s 3
f 808/1313/1631 824/1316/1705 825/1314/1706 809/1308/1632
s 9
f 810/1373/1635 826/1376/1707 827/1374/1708 811/1369/1636
f 811/1369/1636 827/1374/1708 823/1370/1709 807/1366/1638
s 10
f 806/1326/1641 822/1328/1710 826/1380/1711 810/1378/1642
s 4
f 796/1320/1612 812/1325/1693 822/1328/1712 806/1326/1644
s 3
f 809/1308/1632 825/1314/1706 813/1309/1690 797/1303/1607
